catalog_node_id,parent_node_id,title
1,934,omxkabpntxxbntyvkpcjoovtglxrxvllwvhsxpewmjnrhzposuzstztkrcraycfy
2,296,yebkmjrwqkartoyrffbxfmhgfhbbicreuisyilixrcwvpmvwbjbkgzwomstfjdwk
3,922,ufujrqzkonydatlwfrrfodatgeojksaeomvcfxdjxslvevsxaifisifwdxvdpngh
4,833,yravkynnfqbybsvpgcqvkasbwgrphshshtbfptncnlptiypevxhhottsyowiwkxq
5,710,swyjmqfsmbozsmbilgrkaixdxqdztjvkvhhygmygukpkalloeiwymxwxhpahjvyu
6,797,biwbkmgdniglzhibxxyctlxysjpheoamqyssnskfemfiuukotslamhxmxnegcaar
7,2,axonolqlmsrbaazkpmwhjhzpieevtdvdfmbjtkhziebbundvvqzcmniwacvhfjbo
8,431,fgfibhjhvofzlqbqiopfylhqdfagqcrgsydehxzzivmraokgyviwvnxsbalhfgdd
9,329,rqgotypkdqzogfscdujjarugajanmrvkeyuxlliopmuzjjsqefvssevouzyhhgag
10,459,bukmaifrpntholagdkkrfjvfbpdliwcctblfqaocojssfeqonqqxvzbmzfkbantf
11,202,fqeiocpqkpqocypegpyvkcqztqbaonyubldqnzbsrstxsjuryqaydibswdpklgfb
12,902,zjbdndljflysnvzzfflrajenrddctpiswarusriktnfiwjygwfhlpfhcportoqrj
13,704,eiurqdtgripbhmwwartpebqdgzuinrwglnrpjlwrqazctrqtuirirddsvyawisnd
14,663,wxruyqwwenaehszabiyaeyinqxidcsdplqedmmogvqzocpxsrjfrlsxqchwodoeq
15,29,rgmabsjaolipwcekcomvyiasvcqtyisotetlkruuznohmoodddrawooazssmkuff
16,783,kxaysjsxkclaxzauhmysxbecbqwhkysdyrluauyitmkevjxcoirnwsduhrzdwtbi
17,86,jaqoodzmbcmuxtfzqjjezbsggnjdceffkxxlqvkaqgkavrdhzajddndcufdejlbv
18,189,isyayvnihrrczelvbviiwweeesyqahpvlmsypjianihuzakwcnudaxstywivkely
19,128,nvtlvpztyklutfxtexrblsygjlbdfqfhfmtukhbvrwtcmbyneqnaammygfmgedug
20,58,fmlkwluvfctkjjqdrrijbmmqtwtpeyvxkfynepirdzatrxczewuafxwnmibsiooe
21,483,jimkhupneirexvxealklwhhtuykntgzzchpfkkivqzvrbkwbxmhrfukwyxawreve
22,664,awlnalkmggexqhnsppubnnghfqrqastvwjdsdprbsltbjoxzndofweqkzfecyvss
23,629,tpmaexcqsozawfrvazaxhfvbappoixmyrmcshvfxqhrfuctrnigbjrgagnstwszw
24,74,syhzcnffswwbkqqmgwlhqapqvlozwrhwvirgtsjqrtoavnlwyidgvsvjutczxfcg
25,270,osutzixfvhbrkthowmxevchmfonqvronmxzuajwqnojcxhcewcmdgkirkfmbqdva
26,196,nvbkmyaimxsmndxpeoxtapiudxneldxorssmrpgdyijsimklqbszoxwremyzvtjt
27,710,kqtxlbgrvrwdmrngiilmxlyxafellgmmfawhhhsumhtmghxrsbnytbysshnhtprr
28,616,thnmggzekxeqfusqzfgeewnbkfuqsirhmppfimqykbttyihkfotwkzwaydwssnso
29,205,vqnipetyjqzlvpznjnwqtxugavgnhahwprjsfewzsyreqmmilzgpzyohjjzgmgwt
30,241,avlrzdanlsnaijyamdgglxyaivfhzzuubilrzbrhzlfwbsrsbjwoijphodcbjndu
31,575,ithvfgixlsngayuiivgdxtypdxjbtriowunhmddosoidhjwtngrubdjohmgkihbw
32,862,hrslgtnndbopnqtgjhykbpgwuyinuabxpzwmwtazaliwwxedxgmpknspezoarytj
33,856,jbmwasgkammkirmlmrgjmmeppuqxohkaclshwykbbdwjljnyzxyqgqbvmuavuebo
34,94,fptddhfwkkyynxtdlmdhayasotaxmrojltntsckrcvqdvjhpcbpycldjjtnwdrfy
35,579,wubmdulhzwtawvbcrqcddprstkaeqpkxqjkdvyiqbkptvrvxezjuzfotsxzbnppb
36,477,afnqgsdmmqnldwohcuutkfgafkpvuyyxqhfffedohhndonoimnzmhddbutdfeskx
37,66,yytwztivnuannipedlfygwyuobnjfdtjryvmxkzlrvumqtkgbqefyahobaaebski
38,599,lxieftmiooxjwolfzxapzxltpyqgkotlkklpeccyfjojurwhytwtfrxahskgwzmn
39,1,dnuqulbvqhnskocbimeohxmikeigzqkjjnmyhzcjsxetoyjuhueepbpjtgidtxkt
40,115,gopxohwwcnvwbwfrxmwibbqirbzhrrdshskefbchyboxibhenbcgxflnbmynlycd
41,655,ctorypucdobcglojvhgibaikicvyfamnhpqoidsbepyvygqztnoejigfdtgwkqll
42,105,dpukmivgolqvkiubrhgswcdvauiczpugomotzzvdolyvvixcwgosmuonzcwbdgif
43,951,pfgcqefbgalnlxyoczkimhbmwqquwpkxghxazdtpwjlcllfgrugfvxlbnxrxqtzj
44,971,jweivnvynuysqkxjvcycshvxkpqpjptqpcjwvhjayogmvyjdgfghhbdwagfntkyg
45,125,hsqnjlkxmumtagqznwmlomjhtxqckwepvthrqwsnoobkokjpihpnpqgsszsotxxv
46,532,ouywoaltfpotrotsdcmjcnbjlffuwlzrxqbsooaceblgegkgzazvgbsljqjdutlp
47,112,orduepsqzhxejxmligwvgcdgdaevgqyscxliclqcqtmqqfgnmzhvknfxvfndqisk
48,369,cmlkeyznlopclwmztwrzqkqhnckqfdtgssxgmzuqlwqljxqfclnkpwytevmqwkrj
49,321,ntxycluthecwjynkbibwfzvcsbobkjojoudqbguipehblgishinemoiblzlczqmh
50,584,bowrfhcuripwgwrdtrneowhivohnnyluxujtewjregrvxjjyzjtuxgntwipczxql
51,387,epajhelrahtbjztsetgyqvntvdgtykqogqfintdxxfzkkctwrnptcjvaufwjzymo
52,308,nkwtpftuyykioweuybgekhtsgxsdizzvswlnvjfchukqdcxufoakzgasmwmqmpvs
53,579,rxebcuzoqjvklgfvluroxnyyfptzftvbdmkxkafigeudcqcsvvboxgghytgauent
54,376,ntjkosjrtlqfcuttpvnxudwyvnitglwtqgtaknigczrdcceqhdfmrixjpwkydgte
55,139,wodcamrmxmvazjbkzlmrknfixygeohkbhujyaufsnpigadauzuvptuumgnwfskfk
56,61,usaxibwejshwnqhlwtvzdjhpzvckhbwatcwrpeazevunxdsnbubzphfxxxdulcbr
57,107,slghjbafyzhcffadarrdiwkpncezgmgmgiqpuximdgetpxztczfmuzeizkjgphqa
58,339,sditefekkxlwkgollvdobfumigcqhapctwvnmbemmzriuretbzkiktnfeyaceion
59,681,iousafovlpoyygzmjijafmfixuevhwixbnsnfuwpfslotcsvctzsgtsxxyuqzwle
60,152,okzgtiddickflsiczgsinsrovjundoilqzltvkmlpzdkcpgvshzfnwdheacfvusr
61,847,faquwdxkqyebqfqmiucwtnvmtfxubqbizmdlqxxohjjezxdhototobreduointtl
62,865,kqhekbviwcamjvhffsuklnhcqezjzdsiegoghgjhhvwezbbczjncvlqcytadwdov
63,874,ervpbrrcskrwwnteysqglcbnpovgzluhcpejgixwllndjngdkyoblupnelmxayst
64,776,xgkigtdrrenjvvmzvdgkkaclfzrrgtfzjcmwgztghgbhouquchbrcwefcsockkry
65,636,krzunknjwgeihwtjrolcporbjhnwttketdcpjmjalmupebyekwqkrsytjwnoulkw
66,82,phviybuutnxcifvmxydhkqbzjyoascjbrsmwaiqjdvgjpgvqusgwbvazcgncpaxl
67,342,efoyukomrfrtjhcknxovutqwfwyvzzozztypkiqxlbzuxrzeiqyjoygbwncjgifs
68,440,aioqxqqtljuiahxktbpjtfwkommqphqzceiqsbzeudpkugkmpujcaokdaxufaete
69,375,uyztjkudrmkvqrbeuuihzzmtgxlrqjsxpnmatxjnjcwlhumoemjurjxysnsnfovz
70,563,cvdnwqqpfqlhbwoijntpjrteqgcflhuxjowmhqjmtomvlryulvlfzxnrzuclvuto
71,658,skwgpitkwkrgfplilwqhkjchcukgyuuxevjsqypofzbuyaymelcrdnmijcmjoaka
72,381,ntlwlwfoaegqnvataowiiaymoatsnfrcmkxlwenpzhfozyhxdphxltwhpsnsctmy
73,481,terbjzmgxykcfmpkcymavujnhkpscyjzbbpywvgkceolsqtrljqyiosrvawckwep
74,935,xfyxughbliawsqfrxrlavjvwkxoejtungtvpsqxdvtalccmcqpwvutillocxcasy
75,62,kfqdgrqcrwcynkeblyjntwjnaclcaiwubdkkkczrmipghqvccpcmsitaeeemgrsl
76,11,otscohyinocspepipoxmbugobgjvfncgrxvmdcekqfqbxqsnmlyfshugvalmfnfk
77,828,wpnkzmhmtvwczsyfchuhataastfqklewbssjhqrfnqfifmenhkbvkflkymctijds
78,517,mgjbuabfmiebhtqbxhogxrrdrkewawujsnktqcrgopkkljumauhztyrdunilmemx
79,542,eqfcqxhugzjwaezdgparcclopqbnbgsxczpceklzpgpctrrwjjeltpyifvlmomyk
80,735,omixdhhzloarsfsfmmyogfhvoqkzblvepnzwrdkjoybvivsbqmmjrzvlcztjteqb
81,51,lcmahvctblgacgljyqwtzfmpcvkhtiamrxeskrlsjqhpdrmigpmfoywokmrkryjb
82,770,kfokitctjjscjvcbinelpqywudrjlnotckattlviwuxxqvsghzmwlegvqzzijydb
83,121,rizoezsngmijbvkahowhkxkmvjhmupskdrehbhxypykfaxpuwusukailyjxlyfqx
84,356,bgcatnzjgobrszesyocyvfdlkkvosxfjbchjtqrmvmqkcaoypyyhxvvjcldtgran
85,2,pewdweuovgqoxrisfnzifeusfqzexfjoaqkohxbtmqjpcjftvlsvgyntzslrmbzm
86,267,ruftdeweejrgpgfqojoqhwoerftdcbmuohhnqhukpcuyajtzbmjmvsbybjcuvikn
87,414,ygchajilynorzitlirubzisatzmkhpvjijrewnnxisapguckpyhgyadywvyamudt
88,924,txwmmhrqsmulvlyztepejexbystzcjivemtowdcgdnpveayltfjoqqoixwyeinhq
89,904,tjauhbrcoyhmuuobxjzlcwzpczvltachnofpdmpkvdfhzstohzphrbqfjiwuomxp
90,823,qxeshnzvixjuymdndmqoxmtqmfsyouwmwbqaqmhbnikzuiabayriroqcjcpaljrw
91,374,fdfdpaoepskujswyxogodsqnajspetfqzoctjzqywamvbckjaypzeaomlodsftjw
92,292,yfgemtjiiecvzaihsgusidmokyowekyvvxlvjwawkbtmazrnefqispkzppatbljj
93,199,gwrhnvxyobkjpfwrefaukbbjhvtxbxeddykqyphxuobxudmwbgdlgpzoxiephhrs
94,536,efbxtcmniogqkhtbzeejgkzakrzihhtzphdvbbyuyallulpolaydobkatvoextto
95,934,eadwiaigyxbeqkbvsifuhtosecjzncfhmvixfktmnitraxcbiywsfledjzubaule
96,515,bvpiozvociozpekfimessehrsslwhqijertfmfoceworyvgxxsrsbdsisukhexlz
97,444,jrqhvghullvafodumjcbupqddbrgganscxahxeqnnmknhmgtseiqsduteotzqion
98,717,susgcpufwssjxlgcrrltuwulscyecluyecsxrwzbpumgwcpazqniuksfwrijrrbv
99,811,zjwplpnoatgxgjlelwxnrxymfkickxuffvhjjpdotbejnsxssssuqaupleagmwdv
100,296,fbfwchuotfzltsjilykvatlicrtuxttcfaqmmigummknmbvxlkyabddmfbpzdebd
101,66,omxzqkoqbmwmlzgaxwchvpdpstifcfyebtutnwpzzbfkrhmprhifrltzlqvjarqe
102,617,nqiwbyetosrhicgiyrmgvxqhrinzebwveopphytsmutnlbrishdrefmcrkkogbqx
103,64,unzwpglgxjljtmkudmvvtybcpiyemfisrnmpzhsesjisrvpibkmeslshezkwiysm
104,330,ynyxmjedianhzzsnxklocigchcrpgswlqtixsuqsjwwtgiamswxjadtnsriedglp
105,3,ksavhydntnbmiychjvsyhmglyotyzfxzsxdsjjoryttbfuqivjqqtlkglzbaezrg
106,206,ahpqjeqeecqehamngekvgkcesvlhqgvohadfvvavmnlvtvyaaqbjrgceamibiqne
107,166,knsbaeyfjixafzvwesbwgbstcduughdjlvnicimejvmzawztokaecppiadlmcwib
108,299,kzkjigeatkpftsvztgckdwfhbcwxrfvssazibyqlrrdmvyrmxouixbrfnilhxbds
109,15,itkggjjngbosnqyqthzjoyaocogcuknvdqhgypunngtgvmefjbrnhwxcviovriqk
110,932,sxirsvolbshdjtmrgidwhlxfbcuqcwpypljplhbdphotaoxyasfhbzfwgrhrkkik
111,871,mjfhdlqslmlanmuzntxbtvllxbssrlfnyuouzdfvelgjrrdtiexcojylatxeylbl
112,392,aoeqyjeivfpaobnxhclkdxhrofoxjmcpqsfwsmoqvmgzluvbfqiqefzadajgahzh
113,272,mvoihotlpdosskhujbbktwaduiltnjrlxojrctxuwmvdkljoatddapefsclgvtwb
114,65,zikuvouthtpwztoguiojknsrdrlswyfcmxxnborvayfmhcbqjiqhhuiktayimcun
115,280,wyzkxgdnqiizxblzrvjuwznzozhqaqssoiameisvowlpxpscsorxnduqpjuwskkm
116,535,doouvujqmtxgrzeprztclurfbalqgfwgwkpaeejgptkqstqpuseczmiylcigpcly
117,599,takxrqcunbfyeypjbehpralveazqlkopruqpxhrkdfyetckmxawhwmpjqfcxsnyh
118,575,pnnzpzkbrererqwifvfonfxtsdnngqfbspdkvsatpfpbzxivnizauuabpucanscc
119,355,mhysnupddfmwdppzxyavircffuccpmvnoblauudrschtirajdxacttnownkuldpr
120,36,yspqchrvnnvihqltfzzcwwgvfkufpxfnebmijctefgjnoimzqziaakbpnmsorvvd
121,645,jnbzdwtqivvbprsjbghgovzxfxqfwnnlhiqsshozjlxbrviiboyjyfcmdyocygql
122,528,cbprrgormcbmspjzvxpridpkxqwkyevovnbusnohunzgeqynmlvifpuwpvrcydms
123,625,wodeayumafzlncepkkdpnjsloeiowivnjrrvmzgdzacmwxjfzsxzkcqitctqmati
124,461,fvljsdrodbmkwjadsilosdfuqfaxgootownmwqubinfgjmvamznhactajemsgbea
125,275,grxrprqwjcvgtpghptxgzxgqiqkclgzspzypionlmklyizbteuywwewsambjhblm
126,36,nzzwgjmppbveeygwhbrumoqirlujxtvgyetebgkzcclksnzsktekixqxwdidrbwe
127,655,mbxunurhkaqqpbhlakbbetgncduefizsnljsxsyrllzuywfubdfykoapuuvtrpnj
128,468,dyockutnehnzskqxlwfurhvpylodkrmtottgizmydkgcujvkkmlxpxcihzwpnjta
129,548,kluyylhngiwyofvdepuodzvchumyrxfcvticfwzajuawbjlkqwqtbyyfhvuixvqb
130,827,dkkodzhrbkyqxaatmfkqvjxvakunpzfsuhoduigeicytdzihgeioilhkatponbnw
131,401,qrgpkubpsuuenhkclohswhmqqlpjpwndrbqbsffteoshwaiyfqvyjdcbgpxkqski
132,284,xguckbvnmsthywtizdqvbhypnbwmlvcijhzsbwofcqysdzczcyzqnjtarfqtkvqo
133,152,klaxhsopveckqdlwpwbcjlwoqilfkrlsbmwjxsvhrbnfadxwmfbzsxvpjplqfeie
134,802,defvpjarktvlpnxeadlkziaabgvgslozcapepuxrlkrkmhlhmcukbzqevuvucxof
135,9,tjwumlocxpjrjwriikhtoldjwpdlektcfssvsdtdefieacpauxufrjlryxdvriph
136,638,plhhwhbosscewppxvtqtpgquobtqbhahjgverpnokuszcnhcumduxtvvhijrfvmc
137,136,azdkjafajsycnlygyiazjyfxxtayyzehaaqjhqhcdyhfbqjrmjfchpjyamvwsdlq
138,446,sdvfaaidfkzxfwkhslhppwvthmvxvrtoezbcumjhuzkstniqolcioqefdydmgbvn
139,506,zfjrzzunlktogaqhogjgwafmipbhtqzxeuypinwdimfaqqcfjoxfgtwxhvcglgcb
140,890,oltvnvghrukxfauvtxouuaamexbzbxinkxnoyqahelpakhmemvjmdvbuzozlozec
141,559,ktzhbstiqvgpvfurqlbmbwbntddivxlyivnozkkxpvgudazexhetyjrarhtabjph
142,56,kbqzicjbydpjaqvnsgdfkgzbtpylzhmpiuxqdxovivgbtxpgrrlmyqlzhpbtgbuc
143,609,ncitpynoaoraouamdgifnifgstwbfsjbwnzwgtctesyqzvjbyuqbuclkgdoxtmni
144,782,cexqvpdpcehqlrtomwodecbkgmnglvonnpxmqqrwsrrxutczcpfzgjwqweakgcfo
145,513,sbxmjcoegrcleyhstgtakayomhingytxeeuzjmcyzmaelyearmpadxogkxyhesgy
146,517,vjvwoxjvotkfrdayykrlgkbcbqehrwfjmkigjybvpbufipsepcfbqdapexgrwbdq
147,423,soxffptavzqkvoqhtzvvcoaahealalvatjiwmeqznpotmfcoubgizhthgpmgfwlz
148,710,ozdzliebjacwbrdmrrpkgjopuzhykubgtfgkwrxtdgyvhydoieaxnqkrwhrbryzw
149,498,enkbeuhwoecyrewlwnuqltqpwxtvvvpnpjuokvosiihothtogqwxbyrvrdvwzukb
150,568,emhdoqqbhucnhqlvslohggvgauuhrdeblaewhatrxqhnnzomhodqzrsekrotjllq
151,161,unjxsheizbsflspjzmiknyyxqusbahrupdhnhelrjjpqkzktbqiiqdnqsbcniiij
152,394,pesxvydiwewyunmtttaqpqtxypfvjeyalanighaztaiewskylpxczoudoicdgqvq
153,443,gmbxttrvtkfsciniztmwzysfmjcckwjyxhtmcnsbqztdabkbkpzsxfzvjsfwjrma
154,160,fzosnbgpelyiyvqwuhvykinjzfdhjhnxklqgvldxhmcilqrgaeawxouajuzdiyxs
155,958,ixcjraunmmgwmtilyitevcshamgbbgaitoznesaxpvawppuzlhmxuhryefzljfvd
156,292,leosxtofalixwkygslsxfbfpvdtrqwzjzegimcrkschdvflfspkyvywxunrhqniu
157,227,bzyoiwyvtzekxynmbvrxujxvaxoguhfzaiqijriurfevuoxtywwjueakyucqoitj
158,515,lwgjwxxuitguvgkonqzyskjpmgsxachibdafvsdvwqpghyvvmasxuwfgjynhytug
159,919,xkrsgxcpwqiamryhrtkftbemtayuygpjkewkxfnpnaomevodixqctekrefnhwezl
160,609,ocbbfpsrkxbgljladlmqkeqhrieanqtpxobnumxqkcibwgdlhcxlhcqmhmevdzct
161,25,vapahkxllsgdekbameygeswkgmrxrpauqqacnymoydrhpdtoqhymwnorwgrtokzv
162,660,vwvspoccsuzeejwszlbtrphrxfcfzeuqhlqpdlnrzeydeupuchzxbqnxxsghhwun
163,169,jrsbdsgmwpdmgopxtowrgebnuiuwuceikfzlcsyjufypstovmtkpilbxxyjqbfid
164,386,zalbmlzigndqlhickhvvmgyhoynrnqunsmzztzjpaadmbicwfzvtaeeyspippcub
165,375,wojkpvnlvacejpyahrcwnfigeixaerxrjfdqozyyjokjspfqtpavdtpguukrtmwv
166,368,rbzpyabsxunybafifyseodzcsztgdzdaaebpcthxhyvdelwbnlypzknhbqfkfgrv
167,773,hvexjwttzcusclrgwlcstcsleaidlbkfdacjbdnyshsqzqmgkomgkodnctbvvpsm
168,114,igohiyrbhtgncvkfdkuushymtmchpyqlfbbunigmyzfpvmsaqxxkbngaulnlvsyz
169,148,crxsujdlanflhzhuiirjsbqgtvtequmtpgmcgdarddmcviaccworozcfqnbzvima
170,459,undvzsduqzosuubfrqmrbfsoqobznwugsagiqntfjmwvmeqzzwxhnowhkpdlxlqf
171,497,duftguqotddwcaqkvhbgvjyzxveknlsyrhsnfztbmqwzgbhyzvqgqwxerlrgwbbp
172,484,hndlmsrilmygypsjzquycuitnnezxboqzmsdktreyqhuibiyjxowipthnyucjttd
173,62,cnikgeasrqblowdfgktiifuupynwiissnzuexagokexpyflgopmrsucpeywtyvfi
174,884,ozdpbzsasqglyhqyowmfqrbimrbzjyznqcfmfcdzgtgsoqaulmutvuscqvqoxnxy
175,696,saqvalsfelcnmvxgdzapanqqcoxvptdgshoxnmvpmbzwsovochqtwegrbjvqmlpi
176,663,nuckmkzbloqyqjdmkajeeptulsamrtaeafmmrlihmaqgrccdqwlhxeqkpfvkehgx
177,551,sbxadgehakqjueyophzpzuiznnlqgkipjhzduonhylnbxyzgeurrejbvybhdrexk
178,150,edgktiavvbrgsqxaullndjgwcrakkhsqjdmikuippzutetkwpgepnthqtkfhtzhe
179,481,vvrawrlstfnmhhujxsojwbjaktnxrddvljuuxqwbimujjpgmomzuhfyqhwbgxllh
180,948,binqpwrcajzvihmrqufxdwohpnijgzletcmhfxqbzmcgopigsbebnuffarndgikh
181,980,dwdvkqjwtyyxcywltradiqjuidhwjozschqyckdebbpdjyofwdfbfqmjjsrxrslx
182,940,qzmuszekebgbnrslloqsgozbzexprhujkatkvbvycqykhuunsfxptdmjddapbjey
183,49,auwgdqdksepjxeqgavtmjkeqafjluzvaxeymkmmovhulzeipfxemeyqpppxxddpc
184,829,lyzorbwfgyzuwqctezxxechkkzmsxttmxxrlfxfjmigojmmzrlidlkwxgnunthvh
185,801,ufavibqdlutxmjmzhrlsqbvvddjxchnxpfgdemuzxyirfptqiadlznyqbzrtckqr
186,811,aqsmjtkxkmwtyosehizjlgxebvkstpgunpamurywsmsuaftqrmbhdqjptzyprtzq
187,966,vuzfqnzjygmwkvqaoykrmdgtfebnnzpcedkkgjyisnnqnnpwsbhfqsziyhwhbdio
188,930,jaakkjtyvascnuhnxkxdtzlgjnejvqdqmjmfuwlmbrwvvcuuhgbkxkixsxepubsf
189,941,aqxhtqtaglwduiwffazsitgvqmaimtnnvuewpvodvdzddgofempltqibagjawdoi
190,993,eupscasqaqxnablcyzsaanxjxsbkesqhdphpqfvbevnggzhauexrqrtvdrdewkqm
191,316,oqfyteidnkjyskqfrkjzeuojkicwzphccqubaozxprqzlvemvtsadxzkfytzumhq
192,341,urbkzbnkubgrqmqlcnlyeyiwaebfnmtcvzegifglhpxktbfatrhkacuehprvjeso
193,195,waakdxzhhnbabgnzhhbmuhsvrexvrvnobhprafxfspthofrdbyioogyxslzuyliv
194,522,bwqqhvyajodlahyvjxzabqmmeerjefcosecjlohuoijtznlhqsqlclzjsukoredf
195,636,fzaodpwepzbxfictqrxnausrgpcddjimniwbxvfwxjffatldobejbrqnofbdgobo
196,613,bkhaghpmfftqxwezsfrqpimgkusbvhxaynpjzibdwgfoypiqlhqttbsiebcrcaut
197,819,jafxnjqsbtszqzlliixsteetbkscwmyuusnobtgsefioworqhrdhvdxujjmosgwt
198,122,cnajvclihrrtinyxbhzzbnyzcszgphbkmtsfytowyqxldfepkcbzehcjsfgvlqnm
199,855,otokaytzflyffhwjvqwkdjlpsdsptrgkecogprvuawowpcxhjhfwhvjllgqivevj
200,758,ftjxbkqhnnflnkqfivgmvmlorsavuuyccncxnterdldmzznbliflfjzshtwoyexw
201,599,xtuxmvzjxpotudohjinwjnvkjtnezxxyldkxavkifmyvolauqbnvhwslclwtnsvu
202,105,zlfiuzmvchgchaxlvlwcxnhsfwajokcegwecssyecytvagqqjlqakdlsndmzayyx
203,10,ykyqpbfcxnztlrqgxcbaavgblezjjjmurokykynxkyxlzukgiyrqgozrzzizwkns
204,10,afcaodvvhcngfsumdmgripmmwycdpmituhqpymacltpzquzfkjlxrhafbrkysagt
205,102,eobgddiaqisofqspvemgnfekgwbjvcxblewgdozhwnntxpdwjfahbulescuapbvk
206,309,yapgpifsjsgvuclhjulmtlpvqbgbmfegaeiglungddsfoguwmpxdqtjyievoifct
207,599,smquwgawpnosewrydbnxueowknwwrxzfjjuelhvawdewmrpvfxyuinjalanfgvho
208,674,blwpswslbjsttpqqwpkvgopwaweanenucbyndqxoilblnpernbwtqlabktbcowst
209,770,mxwvmyrfytzzslqgomxyvsvkfxzzzmtqketlknheukfunnxepflpwblgvkbchqqj
210,694,imdedsdanhlhqvdftsforhldbzeyvdfpurugwxxjigpeajoglawogywnbvupignq
211,232,gtsrtahdlaupwyridfwentsfinbasifcrtvnbaqqkzrekawdontjmwlzsthxdqfb
212,609,hyrismgwcwfygokgwaozfuufrfrmapegvcycmtyogoaesqhsscrcxrcgjdlpkuzr
213,840,vracjmkwnamgifpeaidqktvafqfowhlgvbpbfitjwfpepwamnldvcqaseamlanky
214,737,hilgmhxnjrrqunluddrbahccuiociqwqqpwpeilixagaebwnamhktsuneyqntdqo
215,273,ouwflqnvmijjsmwvkbxnnovdmodgdojxubvmvlovwfypbhlpvflqfxavqvbgbzoq
216,175,yigrokdqubotjtwqnsbpgjwwalyxhqmvwgjltcreqjpgdwjvolwjbvnojeumqlcx
217,938,sfcnltskazkrslrcbhbyitedtjfdfujezbrcymqfjztejaskptxxitvinaoxktff
218,745,xsiqmgsyolfbtemtofleufbmuektnflnfelpctqoawbpyhcepvoqzlltqxldlvxm
219,982,xxgwtlcykxqkuurxbuoozgeetmikawhryxqpeoxmnqyaqrtmxktwfxbrparuhkfh
220,581,jvjkxbphfazqhanlofwdvczsdxuqrcllnhlurawfwsjiylmieeopqyagkclyhkft
221,339,xvndvlhmavnppnyxbxitbqjqacjmphmihljtagvjyrmrolakxgtiqqocgqvsjgvq
222,554,jaxukgsflgcpunzepqunxcvibyfsyutcedrppreacsdobborlzxctckwonbwpjws
223,17,wbrqrmgqrasvsxuxnlbhbwcvypdccbbcflpzlzgkvooyprgavtdsmkwefrwtdiza
224,4,nmiyksrywnpabchehanhulcmzfswdgvfwpflzavpdocayngzbbmqoxfknohylbcd
225,407,cswnswmlikeguvoitgqfsklwnmeddbcuinbkpuuhlwrkezvankpucqmqdnsceuos
226,231,gmlelizgktvxtwgcrhifygasebzsmlvwnlfaihrhnisxmpngnanecwttagjojrsh
227,674,awjnguyyjydcuxrmlibhhtlukufzvzhhweplpfnhewmpixasupdzrvwxpxsqfrbz
228,535,fchpaasvtlyijzcrzgjijcunvbcqzigpafzeyhvottkluonnzmgbeakuwebyenrj
229,351,vszqvuzmuiqjhzrvxsflesblznygqnvkfqguruwkxoyqbdzmkgakxvzskplseeam
230,216,ndcocljqtjsdayshxwxmjzhlsdifqbkzujyuiwdezknvyyfppbvagbumwnkgwker
231,798,xdqyptxsckyvuavfzwynbbychhzkwrclcmeuspazmlxvmkcreqeqfezditjastob
232,399,jrzshiexjdesoeqabmsjbwuxrchusvaorwequshitrqvyttyexepwgcukewxqsse
233,466,qhzucatoxdtjjksasnonbgdqiqdraknxjzgtghdwouerlhhudfdzjehqflhoumsm
234,682,bxapkncfethaxtlrlnuxikihuhokxppxkfdryvnbdeiqzzmfeqzsnzksharloqoc
235,441,mbkkeklcfdgqkghzoksvzzibozfdisrgyidrkirhozyzchzxazphqqiijwlkgufi
236,67,hcygpvijvgnezthvcejjyljckpexlulcfpiwvbreoqhcewviikgfjkkwmajscnym
237,914,wwinitqcgcynttnvvndkjbaalxcvjokvuhhmrcgtyhkysdethbnldglgqusnjtki
238,11,svdiplrgzctqbpgavdlptqboyzoynkpcsxgecikshoogliarovqqmcgaalzceufm
239,415,ndxphhzgaeladrqnxtzehxrbivimsfbellalxfjuvsnxoqlxpcxepsbcgzipkkod
240,746,mrodxnanmekmefwnokuigibjgdmeagryevdsykjicjpgmrdxndimcsfrwcamhjiv
241,628,jhcfqrabnxqffkoeamoonvvtqnjndfxwpquleheiscfnomybuvuqieknlwfjvpyw
242,260,qhvfbszuurmwahbcgyexdcatmnhrevaxzptosnxawvusfexmjkemzbcbdgkzdjyq
243,884,nngnlbyfavhwwazsogqorkdsnynvehruyptrzzszgqoisltjxneblfkfkixnkenl
244,581,lmckdzlpsmcdhlvrhmqhbbdqsnztlrvwauacespgsgbgfgdznqmrtxuarqndobqk
245,272,bxbdtwjjsqeobaqviqjnfdijwiimftfspdoavnrxmxxzpoarwvrgwowiumyjeyks
246,244,dzsgqwjwegwlgeofuvpjoperlwmqibjixxfapcwatsxqljhjxxgoxmflnnxpjuzb
247,859,qgmttrfwoagtdwsonixhshfwexlduayapkuykdvsdgtrbovxyohxbhwfcscglwfx
248,54,rrrqeotuwuoxdujrgpfxqainlseyfpsvbfdlbunknbrozoiqhymnbhzwwzewunrg
249,613,gbdenjsbmhwuwycaioljkzpuhwkyoqsthtquotvuzwulvukzxnvywbhfhpzevhyo
250,413,gkuplrkgikppydgtxwxrktdmzfuwvtqcubbqxrbimmidmuveaxuzrbsgylneoaal
251,430,vpogxnojbtoubyinycmbskjcdrorbljxtsrhjhjedajkuwbhxtircysycprtcdys
252,882,dfejudvrqwgshlnqwdbntrcruegyenotjrnclhdzioericmvelfgfafbaovtxwza
253,890,xjknhgdqaubtwvjuouaonbfbkcspxzqiutcmhgdpkapahmatxkjgqfoiakwcvmvf
254,582,sxfgpkrqoiktzhqnysfricxovytcbidjoedukrndmfmvdxjzsitnphevuiaeoxaj
255,180,jbkguvdibnidjfifqehyulgkglxlcdwpwzhunctmgocldewdeokgtshgcvpkijey
256,284,rpxsbntnixjnziybxjywafeqqfduicbmjwdcidvomvriqtxwgbnjkkvdfmoxzjie
257,858,jmdkvaekutacqazjuqmttofgfyxpsnxbypaxcjrzebkscevjzxhtgdcldafxqqbk
258,154,sabgqkfdsaddagojavxjzgekdqjrroehcqxplwmctzaujxkqpeykjnsvalelemee
259,647,mvfqmdrhhgrxhxlcpseegeekgfhqddtlqijjndbwhcueqcyzsqtlntwgrjrjeqaw
260,148,kixyatrzpwjfwqkbtmunkgwoausjedqorfsdltloijxehxrgdxyeelodrffvforx
261,594,hynitjvrebzsvwyezemkqblwjxydtcqprlgxfligzmmjjzkrxwudythuzazukswo
262,633,lnttakjsvxbudyqneumdnwkilukfggfhfdlwtsdrnplnsgczwqwqmekxoybokqjl
263,453,zeylccgxjpfentzequzjvhyxgvtbbumrsarxfwkdbwmgycomlqbdskqvbdgghprv
264,344,epvsiuxuyjaetqmgvjtxcurmnwkaeotpaeghzvqerwcfeudocorzzutebvvvkddy
265,868,wwzjqiwidfjspmdcizirdoylieahsclrkstfusbozkrfkhezmtxzgapkdqqilyqu
266,261,akfgbhtuzbyqzpywbkmswvucucfffjwxjnmdtgiysejqqkdflqzrloorehvudxig
267,442,rcwimgyyrhibjfjmjnuffdvmnsrkxasjyvtnxjlyxyettcadxtucrsczaeszrojc
268,942,dfarlnbkzrtfphgbteclhghvveweetvhggivcarmocwepfaoconrxmfhwtiqvdpa
269,285,dpxoojkbamckxeldnrryplsbelzwmoznhdtaxphsooyzqmzijdrkdeiovmvapxws
270,95,hcqbgggcskvcgpbdlqnykffgnftgvdzgrurbhtdkbgzsuvuvdjoyzjemknodpcen
271,30,eugpupvgvmsxzoqyutxsnlcqlncgduxztnogondteywcsyklohioxtbmcpyoutkq
272,914,znwriwduukaazfhlrsjwhrygpvlautibugzkiwcvhmfwihjbhgzlgkhuupvuxkyo
273,382,eonzcholusslsabzadhhqyfdaatrkttoveqspcsjdifdrorvdgwzjbhuoqwgwwzb
274,305,nifxqureuhocdgikagvsxrgmnnjhrimbjewmwbqwsanknxbdanlvdhxponwqhyna
275,521,yfimoafnmutppymzdxrcnwtrthcopislbwjgwuzzrvcftvcqaiscozdarpnhsqhf
276,97,dqwcbczofdelkujltoaoedilownmzyhbxgsgrljmtfctfajhiwqguhatiindidwe
277,163,mjirmpnfpbbmvkunbkbonxedqdmjfwukszfrwbgeevdrrsjnbzastcimryuiyojx
278,773,ssvcynfmurhtspqqucrgeskklqvxfmkpcnfzzzguczgncqdhmnbbctscdfygcyco
279,133,ekkyiccyvkifpkmcrsgjsmlrelninocwuogmhpbvmawzciqvxzcryssdmzssfwqf
280,715,ycckvqgsvkjupntlxzsgtjbreytdnyillaokslphwwgbyvlrgjbguaiironfevbd
281,181,pszejjmdwcvfoycbxqsbhnkmizyfutnmzgxrofpoywghgxvuashmbjuwiaeebqwk
282,252,poutmzuqbizhsysonojlihgeclxlhpeapzcbrvlsupjggqimueahgyhtxphhvzrg
283,926,mdfsbwzhjkbgjvrgdnvtwhsafsfvmjaokuvdjjdwrtehlxkfecovtfbatpfxyvwr
284,947,amdafupyxvufzdwytglkubfpfxwlzwguvuhwryirbwzooewccjftuijnvqyaiocy
285,716,ahhvctnbaepovcedlitkutafgsvjfziaidqxqepawubxhbdmoqyvobjvnceilqcr
286,178,htvuoswiecshvejypipqwgxpjcxuznmeasmofmuwwzhavomtsibkxrmykuxhttgq
287,539,bipaprqbngngskrarkdbmfnpqqgkzpcvmyxgpmkichynwoxumownbplhiwrbifjv
288,881,ogyjspzggomlyltjhzkovpstszzgbmslijbfmelsujqkgckpvbejwpasbbespipm
289,794,yrdfqqvkhbanvfnmxmbkjonluvmzfktnegzwnmfdzmrvccxbxsuyawdirbynleuv
290,215,hqgskptxxlnwillnjrbvkgdyncsdkpeeqgcgxuvhtaixkkhherxfvzwhljjsqvsk
291,314,utdxawbjxyyrogdgfxfxodqkbfratumdzricqykcnefaelbuimtobbysrmejnkdu
292,409,duoqjdkdgonglofpouytcxqpjsowozeztzrhpudbmvbccpgtjxynmyypwzrrzvml
293,544,lcultktsouaeuzdwvzbezkbmpcpxlcoptgvbqhxdfubxoccnfpvqahshowpovnml
294,79,eiqhjxykyqaexiievenrwfidalvkrfgcicdcrqnbsqjzqzxvqrwkliicecdmqpvs
295,208,jvhpaguzuaraovohnbqgizzqmscfktfxxewgwzcnszsmvakufwnoiuzwswkaclae
296,345,yfmitllfgcdbuajsfvdohjukfeshqrhjllidjbblfjszoamufqnkdjoiywfteydc
297,525,tcwptyoozsxnyhscurzokrzcglxvqexfejcggttvxneouovvpasyrpqhchivdrky
298,933,iobtqppaijhpoutwwnhedgsaxgcygwnqhgtqtbrzkyykowkghokomzkuzggfdmcy
299,522,jjxtdgzjmecwmqwftotgyaxbukcuiwbugisorxhfwqcuxvlftiwgksygcxhykryu
300,486,iylgckkiatbomamvgyoutkwxodnaqevxesvkmitsrwqdsnayfmboyodwvdhjhfou
301,892,omizirmuovbrdgvvvfjcxpoxeuyurkhzaukfvwnlkjzwpcnpemduahaaopgqighi
302,648,uushhucnotddjdyjurjsfcrastfthozeuuvfudeeyiqvsgxvumlahhhptdvqjcpo
303,478,cvcryknjobzuhaccmcnlofczhvojwzvkkodlheedlyhjkjddlxtbqrylrxezlyzd
304,894,sdpawfmariifwjegjqjirkadlfsptlqdjfhutlhacjzcstyykbskwsqnonyuirhr
305,107,quyxpodxmdwwdvqdjlbxuzgpkzcczdiwwklwzcpgkfjmeiwhrjclpuxfekpzxssd
306,209,tlepwolgjybpicocsjlmmxaelpebskqtlavwcjnfdjmwzesrgdmxtajbcebyqhkv
307,28,joknwhyidueprgnvpajfnlyycttxbcljpvaaapdcgpsbkwyqoziwgcyrgaomwgbn
308,416,neqczemebdjuhsczpudlmjkgqqemyokqoxspbpcnnknrtnyawahpobquoxmegird
309,757,qesiqzpkgqladmxfbhshydgorrmfekbrfzmjppkggxmcphikhpitkhzzaqaazayd
310,263,znasrgtfyolvyrhshsvfbchlvzpfubtzhsofejpzcfrentkjnsfpvbbxmbncjxzh
311,899,ruvwuaowweqvmagdiogkgjdcvmcdqejuoluoskvocgjmpuakyxzosgpdjpburqnx
312,946,ieyhnmwuvzfsqtvxeqwynjzaiuhphgfkzitmfiyxxasvtunpiugtzielcdaeulxr
313,525,fgvlogrgdoolwpegdunureefmtwdaekrgkvkasuwwpkgubbixkzcjbqtxivqgkqn
314,465,xyotbakbwrzmdmxfrkxfzfvwdvmikushubskkirmzsroswctbgtyvpldlhcmhejh
315,764,yueyukzbbmstjetlrjclzilnubtkmdgtabqrvqwqnxcagatujleseqytatsnfwlo
316,439,jcuyvpchlinlgufpbshjfaddfkafhekkjixcymgsnkpgylwgcukzyswuosnilwmx
317,984,jgoabaskynnnjaepkrfgwsffqxwxiztdxhkambxdyvoxbkqfypvtpngcrvicfwvr
318,681,vafbmwohwpbealnkaevwvnqmtxxuhynjbedzuedtrjftiamofnimipzrxlekvslv
319,998,ieaphrkshovnvwczbdktupzmcdntclzoblzkjzmykchsaqprnhasgvgetzmakpmw
320,182,uciylbxpagcqcweztwptjknuyyulbzyfuhippoefrxeknhbwijnamzjwmkvrzjbg
321,324,nmpvssuuhwirnslanurrivtieriwmtqetnwliyndfmppnjabtkmladltmyfksuzt
322,295,wnvziicmdpsdsftppelhpihhirwurfjwlusxeozarrxifctfjcvdsgjkmokjaree
323,895,olqzrtxsrteyjjpqcphveswjiyiyolhqotxjbqkupjgwdcftvyzufetiyhuhqykc
324,816,bugftrihxwlyagonldfnphvnrjsptpoxypnjmrgequjykgubnfohacetrsnhrojm
325,2,ehmzodjmoskqirnzxfyzqfmlnjctkkomuggxvixafnhwbtpxzqwbnxgdstedbvcr
326,897,vbirkmudnpumvwofizhriyusvuqaclcfsemcskjujtmsykjrfuktbltsksfrpdvi
327,898,hwmsdwksozxehjvlsgnwsdisiwjorrtlquhirbeyxnrilistxzrgvbwmolegdtlk
328,695,fwvqcomckpokebinftiibupiuigperayaexlmdtgugshozaoaqbhlmfirdbdifij
329,460,mfqeeqsmzvjzjyvmikfgtirhausjwagjrcuolhcdbvqfffakebnypaizrnyvxejt
330,964,rxhwaliqyfugglmymxabqerjxgrakoytpypwiignfpkougjcbctvrfyeazdkypin
331,104,vixvjvhlbwzoifaylvgfsjrwgshsikdxoukzxppgqdyubroeatfugyubvzsdinxt
332,194,augffkezlifimulbycqfjcwtgbjsoikeyaqdljjdsvidtigsjxdoxafohmkdvowk
333,815,wtuaqzsxmdblxeaibwjriiybwbwxfbbmwhnsxmsarpvdedfiymvqtdwstddvtrvt
334,727,snljyrzizsnwvnqrevzevfshkbkiwjvfoykaqealvvqbsjwtcfddaymhfyxcsjcn
335,17,upsaxlonmaljfkcfnojcyxxuzwsusjfrfiibcbexwryercukagnhowfjextcmyzg
336,761,lspzvcevsnnwhazhuiizwocddhcrsoqkahedaqfbacrvaanwugzxrtrotaoxqzix
337,32,tjlnkrcqatjmlkpwslixxbciexcymgstxofhxusgnmzlgbrtpxocwutetykyruls
338,119,poggrjhogjsefyuepktpwrimsvnaeojjsucjbrjmjfvoxqlezjkivjkawqddaisl
339,375,dviobpwxbhbdbjbvscwdbuesynfsjpemxxukmbejrbpfeoaidyidstiiizfrzmxi
340,63,uimqytrmgimhagfsvcmcpzqjwlrmxwpnoggzsecjxlhqhvgszqkelbihhfwlcknn
341,12,smnwnuqqeepkuqbzcctbzwwrxrxjkirgqvwbttmjqzvwkzswyrbqytdxvjnpmqbe
342,287,gvqzjnutyulbixcvsiqxejqcojbgtwvpltahlrnrufxymbllunkrjwmzwyaknbkz
343,971,wjuyepxftqphgdvcovjfhpfblbplpnzhbbkgzibnivgtjkzidrrdldhmgbcwbyqw
344,114,iinphvxiovusjffiajpmgyyovikerjrwvrzkrsmkmvuxpamgnmsramxbwjftcmad
345,772,xqsdycrljagrrqcaiutpkqspwidrfekiyiwltvvdjygziuschbicyuxrxbafuxex
346,567,aqyqejcewykvgiqhmvdcplhgyykevjhiatcwtlferfpjrklxsoisovbaysppvnxj
347,840,icipotmcjloeuyjkhaqwpgmhysxhgqbzbtrjfflugfawevksjpwztccmhoxkaect
348,834,gucbzysodxrgwuvmartjbnbsapujwqdjteqxgbtxenmjaeulktstozozzwoadeaf
349,330,ojvulolhicazydrtzihnoulbhmmhmmnjcyvkimkoswllfvhdscshgjdoenmdyqvu
350,588,gnwravamvufqauuunuxqdjdeqxlhyqfebbaxqkniiamwmrmkdywgwcdheydpigqv
351,95,faedmszciiobcpsyfbpbjqctfqcwaiaxlzyhtjkxesuoufniodzjioeopqhycnwx
352,539,zyefztdrchncuowmnccdqixpxxohlqaxigqtvtgtrrqlameyneuqsreavlnwvwbg
353,108,jeoodkkjeomnjckadnkmjeozghrjuwlpsqxnuocgbrdpafibeixrzlqqldpmtuen
354,31,eglanlueivyswetauwqagsorvviaxochhmdlysqiotqnjwuubzhxdtnyldxtgjnh
355,78,ptphthaxupakcfydsftkzcwdgoxwbnyuibonuncwoksnfizvigpkxrvnbrhxqxdz
356,625,bvanrtiustqeggubujomvuvmrsxlznbchihgpvxludabbodaxptheymgnuassdbn
357,600,rneokeapujqnurkxnvtkjqdfpyaouxqcqpodfnhobuwkxihdmwxmsvqslatkrssl
358,617,jfczxujsziqjyepghqyucfpqgoblgdpmwvkcjdbdultttqxzrlurouszivapvjpd
359,538,btznftuuxpysyycrfywumpjydntxiqxbqgewupwexbevpopbdlqvspetgkqaehxo
360,836,ycvxjdjzzjgwdwttadufxlefyjatguxznatdpmgiffofkndubegvvbazgtuceidk
361,833,rkxzwpexrcphniegxcyaeaitrwzrfpjmjwlblheihvojrnyppyvelvqdjivwbiji
362,77,btfjloptykiaspfiarnynlgmiqvrsixlewwiacorpnrczcwbwopcklcizoowyrlb
363,929,zopljwvihxpfyzvaumcesqczfnvtvhawcekhufnlegpvsikwhxibdkahirjqogvs
364,111,utaukhfxhjbheosnchkwzhntwpndpyprtrwmbagkiiiywvvmftpjszwemtxkptvo
365,867,gdgmavfedfmtupxxrybmcnkiwravdsqlhzwmnmbwveqrtjvgtniunguydjhyjkfr
366,53,pzdtdhhdvxtnvbadnhzzfaxubfaobtdvgboffxuxssqxseywzgzrncryzjdxqkqz
367,722,lfbfjfzvnudjwesbtrudpzivblvrbhlbpttkwcbeplqmgwxkmvsugkvbjhnxdtbv
368,392,jdpvdicncxbhqirkcaxhocgsrxpvarlciextlgetqgorgwkhkwuvcqrstfefeati
369,849,halykwjpzqyommupuwsypqzswgygkxkrkzalcgbehrrhocxmxnkohprpcsnvpqbu
370,897,ixtudxfthwvjerdfsxxhaxeuzppwhghxoanpoveuwwrwekwcjzelmmiyalnedkzr
371,944,arvafocjmhtxmetavhfufgdsctbztzehkmnbfccxjpazqvgharnahmyearwxkljw
372,201,jiusaihyycqpqcebaekfepirxlukqfjsruqacmnxesuvmanxsqeyefccokmnpofp
373,386,ibswqrbvtrujiospuflazaxuvssjbgsyhcooypvvczplfvuubznyupkqgylctsub
374,277,pkotuejzechhxlaclztvqvaseqqwaojmzyrisagvhvxrvppalbiipawnaakscdps
375,436,ilbkwdqfadmfpxesgocydsapcfqfyhajexxuxdxtmbmsqxzbbxvouyzwbvobepwc
376,27,wadvwzytxkkoaxmscjauapvnbshhdstcwqqvbnkfysxpvviozvbvkxtvdgtewdhs
377,761,kelzskjsvaxomcshilrsrbqtulpezruuionmrviapuxilshizpstedcgmvepuesj
378,11,idbfbcfmyqaujfnaqowvshqbxdsxmzzaietpfamgkxbwlvejwyvtbdufuyddrvwg
379,851,itgumoumecjkhsjgxvzhmpnknpetzznrojodlvkfsntnbycvjfivczmghpsozlbq
380,322,slkmaldnucytetxdhvchejsrfvqkgrimpdjonlqdulwhmfwwbrroiswouvrxofou
381,563,jphkaieohoyzppeuzjroivbnmgnwyisxvnzjxvuezfapzekasodsespqoqalhwuq
382,138,okyonemwwdmrxyczpniwyjympswlkcstuqpwusnvvttuqapjslaakfqecwlsnoyr
383,914,lwiyiovkawbxxctzkwonnsahkneynmopnmxgkjufttiixecdfquevmvxiczdjode
384,859,rtgfpzwihbagwtzseapmfrorvhxnyzzmvunmtejlhtlshfswmrkksizcqyfbogck
385,883,oishofpkzfowesfyhtkzztqhrsyqmkmdgaofsbqmslvbubgjapturfjmxyiywbix
386,794,hczinkuhvnjwtvsrbxofhpnwfaakbcrzavqlqatsynvprkpukadmaaejslekvufu
387,625,abkzjkrhvwxvnatkvinkdvoujzznuqgdmoqthbjkhsnzwcbzcpmkxdsxpnmqasfp
388,410,mmdalyewazblthqffcqbixkrwpifzpkgqshbjfsttlgsazljqqqcqqzpqfmkbxle
389,567,joosypsadwxlbtpdyxexoqbxzuhiaaddoxrthtqrihdupfverprqpslrlnvgwmwu
390,266,lshaolwbtzbkxtpmzzuhwxqstxxfsqmvngubtrzkosbmxdxbbhaicjjxgargvhsf
391,357,ymgeiccyxdoznesxtvqkuiwwleaanymveudenoyqurzcbkrpfhocxtczbqitmubo
392,112,tzpweiieqtwzadpqrocctobalntgtnjafnqfgjmvadkwfareavpqqlkploptxnoo
393,819,mhnoizhlyeabhlchhpcfhnunwqajoztyzoylppwfciwvpqjryhzqfghzvjdylxhh
394,860,mtohzjdyqcaadccocdqhaoawzkbqvlbkfxcsimqcprgczjtzcqcbggrbegmonqjk
395,836,grkmdbpnboflmkmwntwrifznjsqyqbfvudxmdejpztxkqwmkggkbbjcrorkwtxhy
396,354,fdjcpnpyfqzioyrnybqexbbwwylfpqrxvwjhvugbivirosozpcjekprvmxdtrhia
397,419,ebviedwdrnlilnunlmvuqrjhakhfumkxbseohafiaexnpybljtidhcbvddwlfthq
398,503,xznvxavgcxskbnekvlswwxgrqztxbxyrmqbowurexgdlzjpxhalpqxqsvoihgfya
399,479,lhreynweliveaiucyxgsnhwhiculykurwjirqmkxfwzckxgtmzlpcwqbytixkspp
400,622,vwtuufdyfsxxkdhuzygoyhisvqyanrzbuunncndjphjtiteghbphujfrrovbeyzc
401,203,qjawkijhksjlqfyrmjcebipkltermrubceqmnzhpywysiruigsrigbzghhvyhaor
402,343,whhreoltmwosqmxnrfgzcesykqnufhlobtvpktpcyfqnrwemdumrepwnsfdlmwan
403,956,qmahseyuhddgzlmvtmxkwlndswwmbyaaotzcznwlizompzttmzklbckvbrvlcykg
404,290,usnbfixngnbnbvfeirqprmdgnpmmhzelfjywyywlazhunpcslczykrpkwaahyiez
405,163,nmchvkmzrhjkxlsqdwqhjjlodnaifqtpnwoytmigqmmnqlyhgtprfnzkkuwqxynb
406,67,kgsndhbocsvjlnukughfqkywuiwyaovxcgzrlrnjsyxnqlangdylbzklyxqfzfcw
407,309,ldliawshebhzlrfrilxgmlzletaygjefcugbfilslnkmaihyzqgvbdjwhvhrdsac
408,722,slydofglovibvytyldpneaaflbrssqxexxguvohrvxwyzhprfojotnwmoedygjil
409,73,fhpydhlkjewfeuzujevxbidtaujlkpbheejgfwosmgyexctrouzmydxkxfnxzlua
410,573,alpxnzssgailuqwhsycyrslifvrfcqltqcnwzuksnwtezgkhdrfzzyvhrralfjdk
411,197,swnyuozgifxjulkxebmantrszzbmjwjqshucpnpwhhmikqdrfetzrzvjqwakzswj
412,529,svecgsarfzwwdcctkvztskwakzjeskwhnoocefhkhgqmlqwciczhcvaempsiwikj
413,264,tjzwevixkkedktopmuyxyvbbdpmfrmfjtglukyhvwcbspfoxecsyrnpphfyhuayf
414,348,qtkqpakookkdclbxecofcgqntsaqrhsvxfdxertsjvpewptizdrvsvbnoxcydjxj
415,123,luwxzhycjfcxxoxmfgznuzwcqwbwwcylvmpeqlmwivwfasfcjqhrlmpwutvdcrwb
416,908,qqagbpmqyzqvhwhvfoetympdfpdyrjpmpypqepvyoujtsagubeceyvyhzjfimutx
417,921,cjtiwkeshssxvvalhnjvjkgevgdqsgvzsdnjwkylkaqbxsygxzutmhyfcswhonmo
418,367,lelhqnprjedauzdrcviakzliszwrzcmdqwzkkkgggxhomdxufqftmsyeancvboqz
419,84,tvexzyonhvsusmngvlnclnxlxoyuolhmydpszettonhpzqnqtcuraywgbjyrzmsb
420,256,kmidxhhmbiykklvebcldlumhublsoqqyzkmgjltfurhiksfqtxucgdnuunxjvgxr
421,464,qjoktbzqmmcqhfweobjqyhprrpdrnzbbliexxbkmjfhmvqmpqomoxskkecgyaozu
422,218,jscynvwcbvocveryypifydlwcxctasbsrnggcsaxkuhtegcrfpwgxvcztzsnqjqe
423,420,uebghtclequdmnbqqscqoccanvudwceonxyusjakkkxvrpjflbwknnhmkingmkql
424,418,fpmkcchnkotzuddashlidlymtfuyfplcjpwswjojnponoiqpfwozswqryvsmxeok
425,366,zjswielaiefellcfthztoxyzykgiwzhtcbcjmnariziebsvrlziemmuqzjwyiemh
426,524,ylxrqrenclwpmewkuedhoaockdswwekcbrzpeorvoailmzvxlopmozcypdbkfubj
427,230,lmqtojxfyplbhbgyrabnsfrbbxqfxmigrkxqgmzcrircerpzrekevzvskjspxmkz
428,365,jqinckymxuuliwrfxfeblgiqpmdidvslzhtthavabfsbfyyojhfilmursjvzsbjz
429,559,cujhhitrpxbehswzedjzqkhjajnofjgitvikxckwqztjmujsxcolazoqwovpteqh
430,328,jkbkbzisqntjcenwuowwjnkhzzravzosrdrsrjnkutcoyrmsxejoqpvoaeuezcuk
431,271,bxqzlzoceaagztxdfjdcyaxdbnhernecjanvjxgyhckqnynxovljtremzezdzpyo
432,734,dpibhpdccmvtgqkbkuwwbzvjrbspizpgtbqyrmvyrzgowttyeowiyuabzexyqzni
433,204,xzkbtlcnaptxfghlamcvvdypfpiatdcdrurvinvxcttuhejkfceihalbcnstkcpg
434,633,jpqcgzbcdgqvoackdbpyjeqfleddyzhfdmnsbrfgmjpvfiumitukduczverahgkq
435,844,bcqivyfnyvkfnuczytpkxzurisdhyomzjjajymujllldjnillwxdjbvtdleofkhk
436,573,jzbybszsqgrtperypfgeoczgeibldidrrrpzgvoszdwvtvdkuhdodahuchpbadeu
437,432,khfteqnvjqhbpenwxxmjertfjhwvwjiktczeqipupitjytohkjyrnklqyaxnvpqk
438,718,arcfnryedpanybcwuedejrfmoqfbvdvrhigbbnudrpeteiyhsvjzzwbxvemdoajf
439,74,llzrrgpycoofmowufqgfpcktbbwewudcbluvchjfvllokglbctuzfoxjmlvegtjf
440,531,vdudtwmerrdvaqmjwkwjpjzosahmsbphjdpgwxskkhoffvquvqugtelqhqheaxlc
441,929,qxmpeagmwcsodrfzsbajjczkswznnroekwtfvqgupcwdocbjpvuyanmbcrwopfud
442,76,vojgkeqfzjvvtlatxvxczngavokffyokfpjgfdorjnyjinmfnygqyjogpzhbyqcs
443,597,imtmzxdupxvrwffcjwftlsrajnwcihdzsulaxhickzrdintvdazdhamhoeyrmpej
444,950,xuunryucagnzfhzwfmkznybvdtwwvnnlwighjboopxtlctssvsbyxiqbxszkocii
445,641,fkezgqovgfgtymoexbnfwjbihzgykrofsxyywsslsxjpgdcrxtikqwzsflfxhwjz
446,943,hsrzwirbmohiianndtfnbvlxxzqxyxiszadfvjmkvysdzhunjwbuifhpbonnwwep
447,780,mrxtwftggodwzgtbukltpfabvnapitzehgamxoipxtqpjihpzkggokveeyliizqs
448,92,agubnlvcdgeowoecvaqvhagteuyzggdbfbcsjgaxriwyxcsbohuckvbeusbrnjrq
449,598,uttqmmggagbcxwdtzavwrhadtafoqedxnibujuthfgezkinhrwgpgnnudqypsdcg
450,629,crleivfhcrgmaqouwbefvuzqpvbrbnzjpdljjohbogpjxktbnizyszhteauextwf
451,365,qokkcgkrebthykftpbcfmwvhkndxotyiscimllfpvlberzpclaymbhkosmomqcom
452,70,bzsoisslnbtvmngqecmwxsptcgfkdapsivhyjqkwmrhcevlzgedibufnzeztepim
453,550,zfpnlxuzhqrpzrxenecqrayxdmyqeexqiwquambupnjnddnafyqnwecqpuoizfqk
454,36,fwvvzlrkgprbncpjcinqbkummfwyfzqtqmpqaaqovvsrbqkduhzxdcusbprgqerx
455,650,xzijfojwgsyfwlkxjivojncguqnqytyidlhzwgpvwperensadhrkormvnmgbtywq
456,540,rajmiigrtwwxkzecnkknhkobaegmmutkcrougdctycxnvunmcjkcjcfweoipneed
457,133,hixauqqnienkksujmbopbzaejthrmroyvoajqtziblxefetjalbzapkkeompyvni
458,195,xmsqgfhvkhwbkybkszujhxsntytdnzhpdsdhrwbpssrsvkjhgvyjjurqcbifhyfj
459,523,ewubnihhkivagoqbryeistrokwgycnanivhpnstoghsicwcspccqiachaekviwya
460,287,yrkyqjezexwsksshtgcafgezxwqymsmipbpucaekratqrhqmmaqdcjgopzwieawu
461,568,jdjjlhfddepcqbdlrmnpbqplftbdwzerhmpjhmpzzqaozayiunrhlwbsojekritn
462,738,azlzsgqyzrqrrzjrnjauskrksxlkthtbfyigebtddsxopzjwvryoebbfeqjvyevs
463,432,heahejipwsnbrirfveexgladbokzamdlguhurbarbqzfyyujqbsdczmcuwfnkslf
464,764,ldqfjoqqhoqffoqgdijqlfghuuecukugzplfsjnxxfktugssbjamksdrtykxjeob
465,726,iomvynouridafumsoyyaltvrcuemdvmkwynfnvskuhznkacgjswhksqntknbdiou
466,663,kswqxlomhylhgnbzkajkvvuecmhshewwgojkkcylfvmegoxdgokrrhczsfwbpjsw
467,293,oxwbedtyrljoxyeyqvemisysyxuofpgmmynwalfngepbkweqrrikwwvdtxhdbeiy
468,964,judvmfyuqnmhuhemckfdxbvdmkqyulwnprpevthmesjybfwyaxiltrqndguevdme
469,82,naqkujakjwuvhcjjrzfxoikldmanelyxsjjdfmulefadnfzltbpwfeewpiemukzb
470,651,zeyeiwuzlfwocrgzlxoydawhoshcridwhosmtidrsywcdkyrywwkuqnmrrtzmamn
471,146,nzxqtcycplzmtnnhprluhqzrcpmzrlxskioektlzwmhokdjqemqabsnnwdwqejzw
472,251,snxqxqmnfiociczgjxytqxnnrczolvijhhkevxmjcdpbdptjiuultskoeyzkhove
473,178,rxqaytmukphimwhklrhyokynqpybqkhovbnaaksgkluxnonxzzujrjwqhcmwirna
474,443,nreuyaemwlwyngscfddlkmodtsiowgeyzkrwjsppmwbuitvpyacxixqqdnzvpzfz
475,971,moylemoxommphazrnrlaydvkopyxbwxypxaywvbyfkjttimnffmaeefbbsvwpqfg
476,773,zgibvnimifptmvucdpnflflnqhearvlssqdkwvokvkhdwnupbqvxwsxffckvptyk
477,935,xzgjnomonzyriheewhqnbzjqxvhescjzwrylfwynrbngxfccqgkeqkcnwzrtpafb
478,587,wgkhmjlyedvcgjbsuknikkdrmagumpytskkhkysyzmiybzdzzquubeeonsglmdxa
479,290,mbusobooehblvrgmnysszgjaskhsimmjkwnmalitondftxuykojbwueuyviawufy
480,447,kwgnhytzzmdahwbgtprgbrwzprytmzbiafdwhlirncdgphldgqmirrjvpwzxsvax
481,36,hmremqxytzmsrosgxbxbhzjmntbeshagcjjhpyotduzfrtfotdsyfjatnghusfut
482,233,cqzhntlxrchhzxoqdqvzdewkeqlsdgkvhhnpilcbxcnvefwgjzhnsabmgtpfvxtk
483,11,avcpvnikegnjyuzrhrgvmrhsxeyxotzhvfbzxudmztrkdwmyipvucagodvohcdcr
484,36,kftvmpirpeqowvwmcqrepzdpgdtvwsbuxqkcrweqdzrmlmxkeozwafjoxwenevzc
485,372,cvobuiwicbfmqzvevotmfkbvuihasaytlrsacbylopqrkbknlgfpbmnlvboxfapl
486,987,vopvxhixnhubxhdknllhustzsgcamtdozgwaajxkgbgoxawakllavhqwjiogeuzy
487,343,spznttmrlkzbxtrtuoygahrloaybztqwhlpcavpijwcepvxzpmkdtoosstlsmdtw
488,265,yfchqatokofintvhuojrprzmnrjpbmzlfwauuhnzlbrlvedbqlmcqpxntbgzyxre
489,304,dqabygjqxdqmnsfsocdmclxsnuizozdpcnzefpyeztdhdtsdhxylsjrocwafqpzy
490,744,dsbmrhtxwxqmzubmznskhifpyoywfrltjlxeicqucmgnbfocijuwmetujnlevkym
491,961,idwrphcyqwkcwwgicvzfyiksitgagbptfjbdpwtexusrezpxjhaoyjhaniwdsrva
492,439,wcuebwumwzyscmjlwusswidbaegcsbuykbstvuuxjpwjdnphwccvqhocfmzlfnxe
493,122,thqbkpwmjtqfoixrvexvoshfzxgymvmommxfngebhkfgnsbdcgrgitjrivdzhxuv
494,720,bjrjkjnnllrrkzovsadefungbkqihoujfxrpkwmahoedxaarhblrpdhsokmezyji
495,284,tyiqlkldfmaiijtypltvfmykehtoooefjbrulvguctruwnfjacyzvykcdefysvdj
496,697,xsmsqvgqdytbcbychvnbjrsmedcvacxiwqvscifuynvxywwfnjndlvfrujugomuo
497,769,yazkagumgksnzfrrtgtzxkekonvvepzvdvmmzkltpzcwkltgegzwwqvzvnrmfign
498,385,bqfeviymphjnsxswpfzvfnzkypyhurhkizpaufrjrsulefknpuheeyehzqlhbgjk
499,67,fafjcfgcqcjptcxqxmrnleddgwyamukjrquihfzkflmmbuuqlkhzuegelnodntip
500,319,yihfasbtfcrperguyfutdspnkjacdfrxavtugbqirmbvuqpscbiaijyeqwpgqbvv
501,443,iosujxisykplnnckqmxdxqhmqchfdaopiamdqhvmfmkvqferfgtpfhxnjpduandi
502,3,aibetuhdyxgkdgvwiylqftjjrxtidhllftuktnlydiurboswgsghlosaunlhvypw
503,928,ejjrfwqdzybgiccvexeyudyxmaxbvpnhjxiuagbbeofichgqigmbsuawytebdccr
504,93,ivddfecmbueqprqvmpsdpgcenxbzktrbofgybwpsqrxhlwqztvnkfsynsrzqyiys
505,673,lajmyqrfaazvmsftfhdjgoydufiikpmdffrxakquppwfdjboofjynsialvsxgaxw
506,397,czjfmjqvybbgxwjkfqlaczsvgjvnsafzpupqnfbpuodnailkzvoaqoojulaiebma
507,955,ompfzjtfvmptjfxkhievsfheujwgkmevksutzeoewpywocsaviwuqkvfcnyjogvx
508,776,mbcnvixobqbalopjhskveozupsqrkfxnalbrlpgbbubwtaopifionvylearnvipk
509,927,rycrzktrdwtnptychgqjgahzdloaafgwxibpxqjcflvdwucvzmshiggpnhshnezt
510,740,jpvlygndqdkdogpuskugxkwvlzpupbiblmxkqpxqujkgkwdoqhdvhscywfpjxjah
511,560,apekdyqnqqyjmpqdfixwvxhplidadmffnxtdnlskrtofntqigkiclnrxcgiferpn
512,639,hlwbzuoplbrkpnhafoegnjzbcrnigmkfnezulugntzfjldfgwhyfuhzcbhddhofe
513,623,ueravttfvwpydusltjwjagmqrkewdkfunhqzlgnfxudczgolftpzdemimnwawowa
514,289,tgzmjpczedisdjmzsufkjtlgsbwzcazplskxxwfhvkdrnxaxkxysuihnsewofbmn
515,598,jtybopjgezsqlcimtcmflgggttycecjqktypddkcmensodlpqwpgyfmysezbjvnu
516,129,jkeshlqgxhovkytgpdcnhnyvbjwfbbkmuyvhsbchuvginvwobtsjtbodyszgfgzp
517,569,buqlbngyuxguorkyzrwdlzqmyugvjjlyatrbukjasorfmtjgikzxdqlwqxssjpgf
518,78,dwilgohdxzovaabpjnlckbtqzxnfkybxpeqqjplbplvcndvrvfwnvhiuodhvncgl
519,279,jwikghpycqzvulgdpjoukftakbwgsirxgmbeqthgzvaiwjmtzbickbvjmpxnukcx
520,277,idotuvltxvrekbeqmkolrvgbebflscpedzfsvwpljwlvltsyytpczwffgjnabsvj
521,37,sfwncfzbujzyumohgzpdxqaiwzxnrsxhvfnrdjyybrdgqcqwcnlzqzlbjtlebsxs
522,74,iarcqjjzkiarxqxkaspmevffjvlqkiwshnstceygzrvfbjkasupmwvedxcwmqioq
523,319,bkzxggkxhwkghqyybcesvhjnweygcrsovqpsacdbmjvtqgrllwaadyhnmqdgpiaq
524,187,wwupnxwlergeinjhqocbfirrmgupkltgnrnvhvjjtlwpsxrswhplwbbbleaymmpl
525,23,vjogkbrzxagjjiblabggwgnuethxxyjavgzrcenruiynkqxooydrrucfjhypumki
526,16,dvipheohxqklimyqpjqnknhplcestwnppblydltkfopcitcttvdaifzptvszwdls
527,181,ynpxdzcphyjacvahshkcmdiawyrddhzekkolhubargshikswdhktxwijngyofhfv
528,685,ddoxoyggripxczjhbjeygxyznjbnsoosarcqxuhdndvbmaloczifosicbfnkfotz
529,796,pbcfhnfrignxqxncskrchssmfhywqiohnlutwjytqtrzjmkwxzjbafpkpvohwupc
530,129,pjtpazyulmkubdjkrtolprvapskrgsbnzzexlezpzuupyabdjlbzsavzvuvvcvbe
531,968,dwnkgovbegylofhprcqwzsyakfneptnozsojmkddwdlwfmuhaclnjplvdcnnodbe
532,868,aqfkoydukprbpgoxvkuekyybkiujuvgzpfutlsimaolnhhqrhgnbqxidtthwfqhv
533,992,rbbstbtbojwkujkebnghwgzwflgzdkympejqoxzcyieckbybokiggbcjrhghauxv
534,930,xddxnttiwvbsnkcdrnifiibsfwzjhsmdrxsirmnpgwokrsnmfyliyxdnybatezsa
535,388,fxojmumxwpguzbyveuxsefshpfurkbypblhzevruhqkvjbrhaairkvqkinfxqfjh
536,576,jtnpjbilzwziqlmdhapwhdrigpcshvmcpjwxafmuxnuumqadozngbeiygznefbxw
537,295,tpcqzxgsptilttwbzczpmliwdubklvmznozxjpldxjcygryxvzgougglwuaizgie
538,267,slfgadbcirngfoliuxbyljdivygesfxjwxkzzbjxezxtdbtmutwclsdqxxhrwxha
539,826,vjqsmbtfamkbskunfhdovmhuchtnsekzgztzjfljmlqnpleczfauydnglurvynip
540,878,eyxslqlpfpvkxqfwmbglkbfgzxiidwvhcglgjfmvjuhjqouktqdvnwtdoakmpvcp
541,914,blwpmanvhjmlupjxfzqawjqnghpogugrvjjfbbyzaxhcizduxakmnxceuelceikb
542,870,fhjxzwkjzvclijqdwcupvoattkyrqffaiigqfqgwdtdargahbtqypjehjoscknct
543,444,rhkmipkqhmoicqlnnoexugixsmbumxxktgyrnuzaumuietpinylaewhppzpwigyj
544,724,exnsykcsfznuqsxywzykgkjbddtpjvyzokpkjxbtuxxwpaewfcliwrmyiuzbcrzb
545,28,wqjdhoqqehjvigyedpotnjuromjfxjnmvoijihxwidltpnxdszxugjowigxsoxou
546,73,rrzhldzxuockxmloqqvycufhvkqqtwqtgzknwnfyexpbiretlmyveemrakhrdzhk
547,304,dbhrkpbeofbrbwxkggfqhtaeibdxpddcafbazqsheuonbzsfzqeshwyyfuvwbpyz
548,333,rdzggwvknqonwifrmvwcsxsflyrjayrekpfbnnqnjgcudjlsnedbajfmioujqyii
549,60,qdhxopgcoahvgqpfgudlxectbafjwmgvcxkaigcooypcxjrtkqpyjywdwvxripnb
550,855,pckpxuxmgufrbmpjltxfqagzxjulivkapszxzlygbdvlrqpbfrdwzffxvwtdjerc
551,350,ahdeuzihqsnrlzpqwjmcddtwkmrnpbahfphjowxuqgkjednwmbqdumcpsyvkhkta
552,230,ojmvwoshxatqyxynnhqytmhgyovnulmjalwaqjmtjxurkfkegkrarxiqwzqbffvr
553,439,slxcopeyaoqwdeacpqumjbsjokrifaojgpgffhawpccyqpjkzlaglharahkrsfca
554,808,mxniaixkokitczkpuhfrirmpwpkqzgvtgfjidqvimbmuprajnigbryyglkyhsebr
555,799,hrmpqeosbuywftifqmygiudhmgwwzncamqelkvpolnmffobatbqfwwebxhvnvsoo
556,470,uulejrygqbutaxwipujxlcqefzqqaistbvpndsaisgmphlcapogrxxxidckdxldb
557,167,jewnfjscdplaznixuulayjxamqtvleersluxcolgikzabgliegtpzsgakgvjubog
558,686,cueapnoueqzirnwqgtbhmrpfglwdllognkhodcwcqzyyftxnewuniyzkyqthainx
559,898,qqlfcekxxfbykekrkzsvxqqhpqirynfahngunchgdpidqkkibvdgtzzfhgbiuyxz
560,302,rmtahooffqljqvtsztoqcrzpwmtqprxwsgxvalcuympixvdxzjadjfxhcuxkxmzg
561,758,mfjyfrnynlgjcqngvslrmqggvgbmsoawjlmcvadyveyhmzjrjqihmttdgpliswcm
562,345,aodxmghbiritbciisgxknpdxfpkipygmvxcuratqlrfrqdrxxaprogtbqjuajlzb
563,64,yvzgbqbcuwrxbebqgcjxlndiifgrdjqswoccsxigjegwpmsfmwrvjnqyqgwugfte
564,163,tgbfmirhlyfljhvvpfslidvblzwkdkymhorkvoietyiwzktelabdcvxzhnrsorqy
565,609,cgyvawebystfatuibjkwrpoodnbwwrpssbocdsteehmsadeblrtcngkaalmaueja
566,171,ovnwxlcjqxxmkolpaisrxooaoawrkkjfnacyjogxirkaylhbkkxdcyuqapdajjix
567,458,rakhqogkkjrocmvwiievfbijlblcqoowajuvhvcyvgweniqojdomlhateqjsrdcu
568,990,jwpfybfzezsymcmhbzxjliaqjoofopvtlwkouepjqkwtndcshxemzwprkyvmrhxg
569,257,vprksigwjusfrlgjznasyqnbhaybgmrjmvdhaviwqjozkhsbzwywqgthdtbhbosw
570,71,yzjiwhcrnkllcaforwpbdojiohhkrhxgoxafzvorersdhtrsrhrokjcgcadgmqsw
571,510,rwjzkunlawqveznseajuxrpdgfroeimyjlwagycogergxmkkiniomzsewzgbcuut
572,703,yofbpdaryobpayevxpnqyvlscccoyodwvvukupttgecnnajjwyjcdsnjuhvzzgwc
573,713,cooalonvvkvbsvslceeiabwohokbmnkvzmneuugbcwenbikjkouyrnxgmekpmumt
574,450,gyvhmpesvypslhpscehlbuqokdnikcmwhicrbfkwozdeizygstsdkvghoipdrhvh
575,619,lmubouwptgegsjcfalqbmpqgjojcmlrobygiwlokaizufitrqmsfofyjqzhwlcog
576,104,mlzrwijetmnbpytfpirdkbjagqpakqlobzmmseygbnpseqtynqffrvcpiuxfwxsx
577,588,rinzakmrxhmmmjgrcbaxtbvcilhbzmofyaznwktgxnpbnredoshmxlijmklpdkys
578,29,lpediflnxscqohjuosoqbgyzmixxxomdntrmkxkqmrxsvmgbcxglucptxcjmieas
579,608,tcqsiqsxnkdtzgfendwnauwroezpuyhohohpyakfexzpasqnvouawatxdovzxhjm
580,552,tdtbbezhjofmxxthpjafvybzijrbrccwpuxrpkkrtkxgqkoslyqrofehgsacqbtd
581,565,bubalekhzphwkjbipdyymiglzdeqpascvfoihkfkghssyvuxozfnnmsuqvtrcxwo
582,598,izbzrcmtgrmnvbjwoblozlevguwbdkxwsadmlldbrgqincobipqgzwgydylfmajg
583,722,mqqijpowmmfmrkethhtqzepgmhluzucrxiiucscmnawtnivdkcslattpinwxzltc
584,168,bajbouafbhnbeghvefdhtxvlpvmoejqwjemwvacbojxhyytjmounvemncxnlmkyl
585,607,pnqqfzrcypebdnmvetdqsbfsuxrkszujpmwwsilodekyywhfqqyyjtjphguexzrh
586,293,drdtiousrayyrqivosznqesxqefcmfhonblpjehdpqsuyfdlwcwggflwnxgnsmbw
587,435,sxrzkgrtfjhipwrcgzskjyqodslktfkmdshyarxipvmkspcbdfqesrjszqtccnjr
588,810,coqpnsighzkrjdafxbhukkqgkuffbbcjbipztfkfgrqknipociyqvwhqnypdqgdm
589,728,lgijfsgvyhachcfgwevtmpnucvduvciefznfrkmzaxmgcwssonibonypxtbmwzkp
590,172,tkrhegmfmdpcmjinxmjkploqmjdpnfzlvxnxmidmodeohvfqubxlhlvyqrfdnwvv
591,859,qekbvmfbdwsxixpftteixzfqppajfxtsgdsqlfetobpcahiqrdvrmbrphrzgwuao
592,521,dotnjaxkqxstvnaxwpzfuexgbyecghadcuzcornmqusjyiaqzqxcgllfvbcpnbky
593,492,nrnraushefxnvzdygquaimarqfxatjoptjywzfdzmdsnlxryxjtjphdolzdxcucf
594,685,ttwqyvovuhnzicyhhdoxpmqodqwegiviiwuwvglrnfuohttyngfgpzbcrwsfuwnb
595,814,cqscpjvzwaewgtmoudgktbchfcybhsutslrzmyfuklfjlnfbgklgcsdwimcfyabf
596,50,uyugyhhcseerloxotdwsneteqezycnrrkeknzpmkbpnkhdbyssoaxsicjvemhqra
597,778,vzcnmobrtdvbcbznwdxevbgxcqwbfszmnifypdrfbopnukbptblxnmrahqerevof
598,297,jvypcnoeyeniudowsnmmmhxijlombzzbntfkgiunfqqicelgcnrkugbmkcwxapmc
599,708,szkglojirzhytmcxbhepttcktgljyvtftstgyzjjpqysxozglwgjcyxhplduyzcv
600,557,unvqauumecaumtseavlzedzufarhnqblheflogmywcclvisfyoagrpbrfbaqbvey
601,347,qqiukvmhnhmupxglwladpjorwrkgwbzxcgaadalrzyzijnlvpyipnmspelcfzimu
602,10,ortobmnnxpxqplgypfrolkmrwobqenpolvjqywrymbunhciaatwhpuqdklckxqgh
603,420,hbcjpodvbggwepeudnavkiopjmxiecsbbwbhzxsbwwhdmaosfndcphtmtdljdewm
604,234,oxopklrfpsgobuoeeejsszxzsjwkzgyolkgjreoanfyqoljcoggdatyxgrhnouvt
605,547,ppyoknkfvbaxqjujnswzmxroldayeomukjnigwjrmhkxpgwinnpmrilorjvttmem
606,84,mheygyssccstyoqhvznssernpaawgebvfahifuqlhfzpgwnejwawpvudkhoypfkx
607,194,ujxknucjskqehtrdgpcsecfrvsdksgtxvzobzretrowbejyhkuvhwlipsiaarpxs
608,246,cvaeymqllnhfczgnanwcigpllftmjuoqrmhountulgwxucsscjlouxhfkvrqabaz
609,14,cebvuzxkaaerxcokqsqmtyjkkntwcxoojguzmyjogkoacycfhiojhqksonntljjv
610,366,iwywinwfwtciyerdsccwknqqlppcumffpwsfwmugoetnguzlvojlydazajtwkvuh
611,832,hoigwiusavztmwzkxqoujduduyrpydwedcxkumfwxllkqtxqhrejgebxaervpouo
612,289,etnpiodwzeajzvwkgvfzakkzvrceyuqerviukywnkyvfgiewakkmgwexuptqajof
613,424,qnsubvdreeimipwitwgtgncqrxdpamlkiwpfdmqwbclujlrmopudpripteorgtpu
614,807,exhtcoclhottimmjlfzzgepgbgqbwpsgfpeewcswlclamqdfzgkrxnrbzcmswkcx
615,680,zgufixhhocfbkniseldgodjbdsokemukfuguyjleiqzumjyjcnyzsxkywxfzsgpc
616,2,ioiedpuiwvgvujnqkgarvdgziloktrjkfthrfcwolydblizamsqajwnhzoypurcb
617,275,gssdiqscpnhimkdzpfydduhewjkgngzsosnsiyggqujlcsbnbhcnfmmwdpoogsrl
618,137,rwyovutlfnwmytaqjlfvdhknavprqtvhmtanfukntnwntnkjdbjtsbgkiemqaunp
619,936,zmdmngcoudtvxfzmllsjiauzlqagjaenskxchlulfbjwtodpxmojdelcpeqdkpuw
620,198,jyhtzuzfrprcabrzakkhltqqtemuycixircbituefqrnasayjrocuxvwvsvndtwf
621,525,ajfmypidaxzqtlwmcdkikqpctcjrdywcnshyauoimswpnshdwoobugupkckiobuj
622,467,ybatukmsposohduswwzmljhkbxeujdwturomzdlknllbfwqogwikaowuhcxnukys
623,446,jcuxllmohtmkueeuvaospebqvhgvndkpzavdhtyicobvddwdbggmwqaszevchprb
624,646,xpwstzborzmzripkgdfrgnvldrtlzeobunmwphnptrgvbxqfgrpoqsimxplusgtq
625,521,xnsupdsiwaedjugeixegmnefqtjzczgccjpstevtjlabhpekqiwpdoteblhthnom
626,642,xmdqybthlfwvjfdeffhxamkzoxnrbqskjduortpykklwqzxcphgubbsutwntxanl
627,71,fthmmppknfghbwfssavyeqpicbmcbagordpszwzltcriyzvhwvgjjhidfrdkpjqx
628,782,gwdulenmrfcqnlbheukcbrbzyfkjjnqepqksumvaczywvuxzkbodzkhqrezhqqhs
629,711,aqqgwpucavazgbzegezslhoukpdcxlwgdjvhdvsfumvadnqpwtqdfgcerdsmxewm
630,977,tuhvudogbfqspelxxnfcrqbbeniujjwxblloqutrldbkpowjzyvkpftupviptzai
631,867,xegfmucoywjiugudfcczrvbcbvlpbzqxwyaoiqjdkjtblsbtfjpdqfoaaukmncdk
632,905,mlvwjtqhdrhqbcctdelujpubwcwahmyawvqpxohltbfmhdmqihbhdmuangpgmonb
633,154,zlsyedxpgklshepmpztklprajvxfwdbptezpiwublhexifrmzxutudbdgjnnnezz
634,6,muinmirpdfpecvxtkpcbkumsuzjklfqylyivdtyvideqdumwaqqgberkngzuspqw
635,350,iizvspstiwwugmueacqbvzfvzslquqxiifwnpkcinwgkavwrgputbifvqyrifmji
636,34,zysadsoefzasatgzwtodsgqwljtgpaexblhntuqkrssyklsxezmfymwgpfypxjpk
637,770,kumpouzancnffwyszucrbfcexygvhuuultfsafsajbhmpuzxxxfwfopxjzwioggm
638,476,wkzpdqqtgpwxcrodvfwaxeuoyekbjfbaqovzfwtltxpaazxbjgnesmiyxayiqydi
639,680,mqwiddtlebfwfkqhcesbplzxzpyrnryaczhzacnbsqbwamzbviiosmcxxpwqojnh
640,971,frjaljewiadipuehdafrdkdtfajexbdsjdptxtpqxnnpaacfadrqcnhnniewggfi
641,512,kjszlhgdtpbyqtfrjqtyrdfdaaggyawgejttgrwsukazpohsuvwylycshdyamcfq
642,10,sxfmlzjyqgzsuhnuyasyruaivjdwwgavqkzuoizutbtcionhabxrexcyoquzqvew
643,111,wutnvqusqxfxtuymrbepvkgejljkstybueeiqifgcskskvnpgazyszekxpyvndeg
644,102,yujtgzwxyxqtswnejopgmigtxfdfdrcxnkhhydktfofwfeiqcofppikzhkbrfjgp
645,886,yczwmgclfpbweulrvfgtrlnoiwyjiaerrjxgwsrxtbxbviwhotcuzwcqzsgzsxxe
646,363,iquckevsailwwwejwzlxlommqmumcuirzfwjtfheqykruegxjjopsklyvkuqoffy
647,777,celicmlfokaudvlqqfscdspwibpfrrxoajqwdmvvpyafqyryvxkebrrhlezaotzx
648,404,wdbkchesktzjbyyqiicwjwbipehkyadtcxkxcdctoxdvzmnriddpfbnzaoaqisks
649,953,xtjlgghwteahnwejmcmdgqnnthcsqgxfiqutottshoahzvboshfdsmlkdpnkyjcb
650,455,hgapumoycjchkoiuavrwellyyakkmxuldksoxdlozguuiwrwzcfsblisktluypyp
651,837,wqxbanedsptnqyixqvsiubplbhtjscnwmlxkstxniqmxytthkpqfydavtzuqmxwb
652,216,lnhwbicfdijhszaketzydthrmxkubnqxeqclxlddvzcosxdbwblxakgzmmsdwhpt
653,308,ngihgpzwyrluehlyjxqvidcpenjhqbhdrvpgfugwjsyetqgypcbgxioludiejcpc
654,615,lehmtjkeykssahlvzepfeeivzowohhbrtcgvdxnkxeflxbssipshdtawstbndzht
655,725,mimmgabukmrsewdjvhnbhnreesjkhaugfspnungfvdwdmtuhbsxfjuaoemabdfwg
656,754,fltgaikdkpqemeghhipkalblcnocyzseivusrppfjxyqyfqgfhuolqexvojzjqnf
657,79,ofvtqcykujnfhjsokqhaqjngwpcdkijxyaogywpyqnstnzegbavxwqdrvvhaqxqy
658,176,esvmydtoobsakpzeglrizaaasdcdwvaatrwjumiyvlkphkyxedcmypadsdjkpdfd
659,851,aerwqghedomvddmdudiprhgtlegrfdwvradvzzygsmxxdtuqjjlhrjzgdsilemrv
660,709,bodhgubamjvzkvvtujvqfcokyonkcfrirctmzziftlxeksnuoyeixqqylbxdgcvu
661,953,yjjxgmltljivvmjitjxjtnehdsgbisjjvanjzptawsvqhdfycuzlhoapxswvlcnm
662,872,gwktiwesyblogpxupsmmndxvuayrulqllfjodgxetfncfwzewateorkvsnfyjbmv
663,555,ptoxnewivrnlozmznfyupxiveizyywlkpvklhzdkqsmsqiyphikzyocroxbtircg
664,46,xhbvfxtlvqhluypypqcfeqgkqusglmsolalsylwrihevcifmrirzybyhvcqhrmtx
665,283,gmkcjvxjwtmvavxnquuoouzxldvjixzbhnixlafrjinzgxdwxwjvcwvplhdolbzz
666,840,dfqtztummrvksgtidlubgooizgourycuvdguvolockrhwnvxlthcpnxmhhbkwrwb
667,517,bxgmvlkfelosaaiurlsedbeyaldifdpdmdjjcjdoaativsivwzaqinmgniiscigp
668,274,amasrdrvhpqpygnlffjiktcibyssaylgqhjplxcgryazrqtnvkozdjobipvfeudb
669,718,fnmgqflzmlunaoromvctcammyvtmmrmrdojhcdcexobfuwtncfguflaafdfisecv
670,496,bomntbyjfnjwoketccjphyefoscqxereaoeesnvwxywzvdwceunagmfyatcnmfjh
671,440,srccelqhojyybnlydltivqwsqjhgekzrxfvistrvgmkzkocpdujqjlhcpujbdefl
672,747,hnkzagqsijutgvzamfpwgyqkkgrjzwbpelsveyhhpwudpzsnwqcdorjpzpgzlhrv
673,31,ldkkokmdjqwfjtwnvkcrvfkreiqbwodwgouskkxvfehbqfhgxzgywndgevyysqmd
674,920,yopyrofkhmrcutojhwceezvmtjccqjrvtfgadhsjnydnohdsxltsczgdtsxsgzbo
675,213,bjkyvpwcippmjsacdgcmnogwyazzcojqraqcodogyryzbioeuohbgxtibrarvgaa
676,178,xwhhbcdfrpgkycorqguzoefmndpqerbqlomjflylyhdnibgutvgiitctlyfexrdp
677,915,kdmefoioiefkixxmzxcvaheffphemtjoxweuolygevsoocujsipqdzndrlettckz
678,329,hexybjnhgahxmulpnwwnwukgodqqprnsuxhwanwrshhzpntlkelhxqlcjirfijtk
679,903,iawinhsunriipkertnktxrjjyfggdplvanqyyppqqyiotmebvcabjnbhwgsxtsxu
680,758,hwdcytfmzkgzosouvpsldxcosgsjfsxllgxmtiqfdcucvibwfqjqpyccamqndjsz
681,481,oadmaeqkqunuvgxaysolokmgxvzpdpyyknadjptvyxkaukwvdigomudfmampbmym
682,143,ptpwmuxfqryfpjdujwjyaceezqcbubsnfgyauvmskbylknpwlahafijlruaqcrwf
683,11,uckofuvoubzgibydjjngxamltozfkimupfgnrimoxiyepdipggheaypgjwxdhqwg
684,451,rcttcaeutqaulacmcvovgleeezortphpzzhskewcsgcwxzgvsdefiwlmprkxqjtz
685,183,zffjgppwmspvqdeknnnqnvweyorqnzhjmmkrfbymsslaouomaheztdnhbbkxezji
686,453,lfifoankuubxlmufqqtjydptcmvuzyyzvzrdgctowxujoblfadtvusftgfcsupak
687,518,ktvzckjyvulnmfnuurrfylthahxhtuoljmxsdabkuuizbbycxqgyklsmhzkgvsun
688,127,mvwvpewjcjvivgyruamrwqfcnmhjnilkncpwtumawpbctilxxtxowxgiwmnxjfyg
689,714,bwkyxkyrklilngmfjzoykthsljijmrgyqskwlurdvqnaxqzgqzmpgiccxrraefmz
690,518,qutothgqbtppmqrzofbixplooochtepbfpkstqeuhxkgtwhwpuukngzsthdervbe
691,909,jcwfiuxsjugqmbkzzakhhymostlifasbgthlfiuoteytvwnrxcfdfxlqkhqsxspf
692,994,zwydwwnptirlqzpbfizaqxnglkbzobsnoxfcrqkigcmlombpkwqjnboujkegzpfg
693,897,texatzlsekoaeepchryoagyrtbdbtibqytgsvgciruqaquklzffspwjjsrdqmyyz
694,256,afxdbgomldewfnsipkmncqpecwcefdbuiluuvstgdmvieaxehlcnmitdkohxxqni
695,291,ksfpdzspybsgaaafhlishylfvtdlxwmyztdumknjrrjshwvpnxxvzwcedpxoypho
696,174,ukjipbxuhfxmrmhabyodtodbjuopfkfxhvxtlerbeabllchcwaldmiipndqkyxnw
697,934,lqrasecnctamveafreojbdtkrczoucvlroxhsrdtcockbxkeaijqdderkdzehlpg
698,774,phoecccjgysmmffufdkchshsedmawcfxnpmwtnnujppcgegqvvdhtlfzjenaqfie
699,88,tgpobmldmlhvtresngdtkrrdfcxerzrleoqpndoyqnruigvuvpqdyflxaazmhmyx
700,116,rjhvcmhmeqlidfgruraziyqyjgzovstxvaajgduupmokpipsfqrglqujkavyvydd
701,154,qdsgszcjwyttoossefbvzkwpyyixbxnxcttomilxgnwvvhznqrvcdckgbbqzyubq
702,264,rbbluuqptsyijhoixtqftpnqrowvlwxrjjqbfbrbdplmudtvljahhmfoinfjtkwk
703,459,rhctqzezgamuzykseqszoscfqspwgmlkumedxjcseayraczjwodsbszgxbantqcd
704,800,lbhckihsfvamjrporwskmjliqimyjxyhfkxivhrkpccwlydipldowmcvfxtbsbxa
705,500,oeyhsjwaqbdtyqqhmofmyzffauxzcqubvpcjluavqpsgrkoaenvrijgnzhkcqcqp
706,838,hoqrjvbickvxsphwzwbokvgpvleymwonnnoiwcekxqewsxazlersvrzkseamjgff
707,174,cjqcuirgvtuaplnozepudptklqlnptjbsayrcdvvcvxdfyqwonhxtycusevionvx
708,185,vnfbvdllolfwkchgcxlqjavnlxbhiukfqxjuhdrpbmvqyfqaywhuscdnbmlbhjlg
709,280,fdasybisnjmwprdinrsknccwoezobcxbnowdoghstgkjkprrhtoyyrpcimkhjkls
710,379,srznzjdjmzvhlqgxtteuzbxouvjmsleechcasuhxfqmfduyywxtdhdpsgjoertsa
711,514,gbxdwebbppdmuqcgaikuhmuckkzzhdujmhhsjtyfncybexvkqwshhvopyztlbruq
712,583,gtcwzrhxzhrpuanunbakhzndptrnjhzdxyhitzazxvpkrkjeurujxhiuluxoayue
713,768,qyflqptyjaqchmuewokproroqhrqzeikvxefxhnrqpjnpvbnmtvaiglzuslrljno
714,35,brfiwtakeyhhjxbyqshpibexbbcnojcxxcofdkqmliqscrrvariobcuhxnuuearb
715,936,uddhcwubisqaxzvbkfxjckpdgblvwomhljzohoymlbvdrptzttzocsyzyfvjldvy
716,764,lqfjkapivwlytwjsdchxoxngzidzabclmgaffozatkqxsmupaoivwvumbgxjwzcj
717,768,mhrfdtihvlhiwliduekqsaricsfglfbqhthiojhbvwihbwakfisawhzmaritislh
718,54,crthblszqkobjmouuyknarzmceycoiscdziomxmuuoiuhfjnydaeavgvtzimslyc
719,129,usswkzchanapyhlgburiwlnlibmqyplrjdpaoktssmdelzkxnolehwijnkhwdcdu
720,805,nctfeiumbfgntvcczmhicxyyguunannbkmznvtsjzatwrbqisgitnautoujfnpbd
721,353,eiscbzavcdndvtjnowjyysreyqhpfosrodnrodbzhhfzipmbpujdcmwxykoiyeqf
722,379,ibuqfvaupalrlpdlxavfnhjwjsrakmbptdplthbkygnclhimwdsouziqiwtffqrq
723,677,onwtyskjwquyizajurhpjcpkmwuncfbylhfztnspfyblaufgmbymcusvkjswwfya
724,472,kpmqssfffgyfljijwxzbtxlqcgzldnysxmlhkgnjuofyurfharkcecrbsgmxlyuc
725,604,urfxenvchntfngxhowibnpfeelhzwbhcpnzwdzloovrskkhrrdlmzbclgbbtnoxm
726,375,qixmwrpodxqbrqtopdesupizphulyjymzysxjmdsuskmppcsghzwhottsyurgkff
727,654,leydxjulewwmgksfxsqinpgexzffgxvsxlajzdttxljxrnkyhdqolerxhwufjsnp
728,776,foxnbwxmrfwajwlggveqzdvcxczevvfzyuvwfknxjvbpuaeutyxjjntqeixzsqfk
729,296,ulbopbnrharceaapglqynigklvblfutjxvbbtmvezvxfzqbwflggsmcihipirtjp
730,789,irbyklhjqfzifshxiwcvidfmhromapovkqmoclwxuutnpwftfijpzdszypmrmxtu
731,937,iqjcrtuaddjrvmogfrzzfblhltbkhxerrowvtnclgggltxizdhisfcwgsdbsmwem
732,616,iufgbdnzbsjisfdbiblilmzegghienpvjdlwpehinrjsvytkhjxyxkqyxwkxvphf
733,633,sgqckielccjmuxbvzowskrycxtyjposfvqqnvbfviecsxpmrswseowbmdchexxuw
734,42,icidbvdkoaqrqzskebudhoprazzquhyyldjkkqhnqcsyrohhqirwizzrwcluvipz
735,66,meqgqltfdgijdhfiwnjbestkqmpungnwbflqokblxnvvdiscrqfunaasjsdmrphl
736,75,hjrevuetkjokqtpqetxclwqtludjyjdupizlmauzqczyvhplalkwvdbohfhzpjeq
737,77,uorydrjyknfiddkbqxbttjgdocqnysibpteynoonfhlsemiqxbvoyohzbwxbfbsu
738,954,omandsxksovlyxldyiywhprklqatxxdlcdgltveovkxbqkquxnzyfooqdujdjjtd
739,504,foydsntvyitzapjvmgvvdlhfijmiuzxzmlxgyfhaqqxkkhfgqkvspazzaejvgmmm
740,819,fzfatluoyahseynammhzcchzezpcbrlurhftczjwudmmuijtkdawggdxiosenczm
741,276,roouxcflpmbbaguvmzfcjsvzfubrecjxuhmmhyhljkupqhniokrduwvpjmcntqaz
742,866,bqvnnruecrmeyndydwjlzdflpsgklksylloqpylfsgnqggmrdyvxifgikowvyntr
743,408,yknvzrvwytlgwoinjvtpixerqystgmsottsmrjjqaygphqrdftmptvysxtzenahc
744,445,oufndycjzcdykaatgebhkbeblunrgxthruluieayuqncntrjqwjyjfgyssghvxsi
745,17,cqgpgsyozanvxeefyajvurnvmaclfcvzjnphpikirpbkzytbbremcqcwvgcptroz
746,314,khhgqfgjlsueufjlxhwsjrmleojaikdznyabasjyjljgiigpatluiltnwiomymhm
747,54,hmnsxfzmeawggzayajsbhtmqjyrsvqzbfmcyciyifqxuyauhbtbvotaxdubrvlrm
748,736,uvwhrkixwnbtqplacgaabstgllqtepfibjvceumqappxexmktombnlryfajwvwzm
749,505,xgihuheagsohaiaeyymetrfhnvzyfsxyxaewelzhdeoacwtmebjgpijdognhihen
750,447,caohkijliyiczaddxilkhwdgdcywwvtsoejzsgkeyvsbyihxdabgiojlmubjhzev
751,142,qhijqolhvrddbjyabzgovbxqvknwwatxshqscjfjbbrnfgjinyrurihlujvvwqkj
752,59,fkcsdtclxzuklaahrtnjcxwpnnrgjvvezmqcybepdpcubldyzsaoxoiqweelefzr
753,252,wkrceuxwcyeklzgrijkukbqdawgnkrhjddluneomdoxbxdrxogplmqsvvntfsgvh
754,392,sxajmirtvxsjizvxdemczfqtcfvmwlhnaaykjhqejcxokcgjyyrxptzbsqnvunfp
755,235,bonwddhatenozniddpcdafbevsdfvdoyupugepfytcwvysrffhmebfmgeqgspsng
756,418,ateufvdxxvkewgfuwpdpnphlvevkwbmnooqpxlcuixxkwzeadynogrpjgporoiom
757,872,nroypusklzijgqllrulcxozrdaaqabiyabtckhexdredoogyfinqgceplzgtkwlz
758,437,ipvhlhluzybgwrlamyxocnzqaoajqksmvsxcjtbclytwlvmuajhdzdwdyimihbdx
759,158,xyglqudwvcyoxmmmpuhspmdcxplaetipoaejijjjdzpjyavcpniigoapufrihoht
760,830,hocddxmizrtzgluakzydvxlshjcvkbnvvtuqwcrhrdpptijrhkairtohnjgbovoc
761,388,eylmqcxgcjqfkzbxugzyvsfjyzjncadhrnmhfhkkpbxfgbsyxtuehgezowbvrzah
762,432,oaqkwpcjwkicxvbyzzetxuuuuimoccyjpvvchawtfjixzmbnyfwgxekutuowwyia
763,97,mkasynrbnpnppwzcwmxrmcghwvsprfshuvazmuypwmysxexxkkeyycpmsjfeqpmo
764,770,yrfkcgvkrjakkqomfowsibnodrmiawxbawlcxddxobfwfvtjzntgmwmvynjfuhoq
765,300,czayhhbkcqbczkabormmspcnpclbhtqtwmgipeovemxctugzbffirgkohhpideqh
766,228,xgrbduyzznrpqtiylnsiuaqftbmpbgnzdwsfswrelruzjfdvwpvcnccftkoeieuk
767,583,lnjpzfgfjcbtacxovzmiycevtnuarrntciqqckqyaiaexjtuiliqwioyjaseysae
768,158,ekkiybigvjrnxilbiyxqhdedgccigcdcmhraegbygxbbuuoyeifgyevtivecjldo
769,967,vovenpdwmlvvxweqktqdoftnqnfoassmyaxmnfxjnrdlkyyituetecuaumpiqzmp
770,164,luleswlbujkuxsirgjvyeuwcnrponmtwapzyydhrsnqzkexvztuobzptcigjorro
771,976,njwcjheudeftzhxhnjzxrncnbvnmabwmgfktyvcrfqhmvnoquleehrmfngigcizh
772,525,axmllzvxzckbvizvlarnvhydpnemzjuauoelxrkxsuxrxxjxckhmgphondjxslct
773,830,zuyurddogxzcotefrfhwhkknerhjdwyucfvgbwblvqyvqzctsxdvcewpdcyreixa
774,534,nyrqimvcqgkwxoqeqqelyqawqcjzjgcrfcwaeilyiqitgcfsvywprhojyhfdrdis
775,753,mkxcepzqcsmkfijkefkgamfwqxzwoazkspgqtvqmczmkjatjyrqyfsfcypmuqkjh
776,411,jlsjhgkjxsbblbmnrtxuxkwtrlryzsgcikilbjdnjqyytcnbsmnhnafjobsypdng
777,17,ajeltybefpxgvmkvswatgifztjddjdvredkfxsrhaoeohnhjnibjaleaqkwulbat
778,698,tmsoubrryefhiiopdjjgzfwwvryskgyanwyenvndelfddxypqfvugxualiicldlf
779,586,lovweincrfpoujbcjykfjrnttmemngaehfakrvqtaevtqybtsdibodyulmijrzoj
780,392,bjiwzzrllkhkatpkyojuuebhgrblkjdkrjofdiblmikawifxtkelmascwkkzgxjv
781,399,ekbtdfzqoaktrtlkghdixnjpcyrgthcrspdfzaeqjdvrkezpkxqtuthnaoynmyev
782,959,wsozelxptaldbaqifppeuyaphrvtanjaqrrxwxojjkgoerhdippyqlzycpubeatj
783,410,tjztftlhhccycnwkjttbyhcsqpxookzgmnupelkzhyqnhorafkboytslrvretnwh
784,157,guklpezrvjxtubatuapcoxjmcpbpojvhbueihlabqlofwnjepmsqaxgqbqhphxcw
785,731,mxikjiaqdtgefncacnxbepqkohcjkjukwoeknwlbskirlrnodlzhxbblhkyzzuql
786,15,wntanwdjzvpvqmkimntcnhtaacpnqiagxwqasvkwfjxdtzamwinxgexvtjnymseb
787,501,onsztkgvwrnhqkqlhmtdfyljfsxyfayqpgicuucaspbwgqjhtizdlmpdxjwjndlo
788,536,ubdhbecijokuvsiseeaooypjyatrwdkvzzsunqsjhrfszudbyxbnzcdorxsbqcqb
789,76,zsyuichdukksihqusqaqksgeyjkbkwdhgjsiwiqickkncfzctiaojshqhdnjcgeh
790,341,ewlfrhzycjibavzrlunarsvhjenmcgwrgyrurjkpmrmvcozlrmirdctxrpdcfhln
791,428,gwpdherlzjznexkipdtfqqxvzejuuhkomluozwnmxjbrjzbsdtkgaldkuidvxosj
792,850,jlfondyhbghytpwkdjyaovagetigxudqgmpjwqmgjjeptpnetkhnfpkmmdlsaxqd
793,765,accuvwmrmnhjsxfiqtwgogswpsphszwsukacufuornygtdmucblwmhjocjylukfo
794,157,ofskgbdmjzsnwxxxhldmpfgztfltcqzdemhhkbwirdfjnvjmyjretjripxlpgaed
795,815,berfxvhezxckykzvoozsglnojnmrivsfggejfbwkaetrxyuqsrgxgqxgbajdseyn
796,740,nlkfzjethgffoujnfiikjkbsdccicuthoydcecmtkyullygdclhtykegqbwonzsc
797,471,npzgrwhtiknnnkhxxdoaeammrnbohprcxemiegmaryllwkmugjfzqxuupofzzraq
798,94,btmwepxpxlakqnhjubkhaolvnmshhmendzyrgvcrcosucdbjhaziljifjbdkdgcu
799,647,lekuzzcerhgoergsfyucmgzirzuwstohrrpsjcxmnsbxhsgyutrukjlnsxxomkoe
800,268,mjeevtlwligttuhmiwimzuwdnhiooyghqmziqzcsicezhnkvpdxxffyvolcgxydk
801,543,uttwrhnpxsbxrjgijqrjbrxnvkvxislfvlrgbvhpupwylptxppdvnmdaepuvktil
802,271,mqxbtvyzdkbhhqbkzhkqczniveslycjgwkdojqgvbdhcctctzxknfbythmixrlwg
803,295,ristgujqlicvzdqpjfytsgqugfgrdxswhbkrbezmsjubnqozxzrmneamzpxyrmym
804,335,cqqsdioyzxfxrnaqfuybzjrijflhvwkuytkgknynqvbimzxspmojuzjvqyogance
805,663,vlmottfnjgxuaabcaidaamfkqbbeuzhpiqtoeaidckpxirevujffkgqrbadzjvbr
806,530,zsrmlaosunnvpuhnufgwsafvsijgyphgpnqplkjqoojcsxlboxnyrsaiyebbpqyv
807,760,gpwmsfprdlpepvoxbhfwzxxyqcfbpsgtgaumbdvjxzecmgxfjnilgadjibbocefh
808,645,xqahjhmlexevdbjoweoteecujibrzlousbuwnsldslwufookprvgahdxrfbsmyun
809,94,iybxicckgjcrdaqlqrvyhxubxgmfosozkuifmysfznnvgezfyvjckqvuaxhpiozl
810,138,igreievzyjrwgkoyweyexyutcqrlhhohbxsctxkargvylizbdxleulqseuulscol
811,787,vnlobvmlacxfnrojaqupjstpffcpscvfrngniirndfwdoujefyztswzuqrknovbb
812,973,ohfpndpefmyasozumsehpylnbnajmmptsyfilutakrikjjvubufvklaympjtqdbi
813,515,mckkcspcbjkvsyhokgeugefzljqcldhfowfpwuuobldhdkckbyvdtjjphxbagwhs
814,793,qumftncoyoddovufzhzwltkavqmznqqghutmgmawfrawuqaeysmabbtaaocmmzku
815,338,oyvysyctgjpbhivipikxzkviyxganepkalohdcbbuqqbarbqnkdvflpjmkoiproh
816,308,rvvfeplcesnxvvmnlgswuibdzsnhaedqesfalpexydewvxxcuqtxavesjzhayfqy
817,867,ucvhfdugwtsdvskfbzupsbqsmivlyazvoezugrrgcrbxhxogakigwbwjvcpznbag
818,457,wmwygkiqqumrhtqjammlddbolczbbfseyudnrkjdxpfxdxnfacqepoekungyblxm
819,440,ohuxcibjwtwkxuiinpmyphsvshejzujwibtashriavogpyvhqvowvhqsyoikbacw
820,518,onnlahqswuqixzkofejzjunakfzutiplrjcnygvhghfinmfwffvwatrpqrnuqlfg
821,554,kybfaqmfjiontjngcyfybqtrnwkewfjrvcjaphxpunfjpoqrpzcbnndgvrjresyk
822,657,fmaaigdzapjmmpbnsbxeorizdhpmspdkgctnpzavjsfeagwkkmqmbxpkzprcqgqp
823,459,wviullqifliknokwaephwuobdzxfjbbnwzfxxlokxchzggdfsndrzlggsprxxejy
824,531,lxzwvxntmariwvuojsssbkhjplgiqvzxwzmzmaprvogyloecrojbdcjegfmplbgf
825,835,mtwzkkznphiqpvguykwkhfqotwkpuvpyyxqoyrtiznsuqaoknpbfjtwsfrrnepvr
826,544,arkffiqffwsrywlydeqrnygfteeniwlkezuhasyhlcjsxtmscyrurfntvdtsnkou
827,307,pgurawdpzrudjhfnvbutyrgliofiynylvctkdvkwnueigrrgwzcxhpqwolwcwplx
828,428,pfwnmphyhlhckcesqdgtwmyehxyzdepwuckrhavjpnxtvdrypwareohlfrheaovy
829,274,fevfzwhyqqlluzlulpouoqwlajaxwsgpldavzbbsvrqacctsudrprmpauxechnru
830,409,zaotaxudcxkwmpwrtlovkozucomhschmanzrzhtytpnabowoqmxdrzronrddxgvd
831,794,nqugacquqsefvdrgdsbuqqyjpclgoekpmrkcpmpsmlivdewgulfmrpbsvfxbbzox
832,983,zjwnjmckvfxwcyysfvpoqihswuzbyddudsegjtkhrwrxgokcgprolswiyauavusb
833,72,guyojnfbywqqieljzpeypzdjnzwjmtdgvmklmtvisdadfjialrpzlgwzgumtevqf
834,36,qhqdonfuaknxkqocveowqcaaguvivlhuebkbaceuvrtfdprvkgubqawvsgnzvtzx
835,407,kyaovgpkupcqwzaafvaodtfvzltavjfjiddkbignsbwwkevvytakapuwyqqqxene
836,982,witudwuloguearmlybgtikmopvhgydtimibohhdaazytxkuunibgxpoghetvgltt
837,560,hfbmwuudllohlrxwguonbifmpvmjmpygegvskdpjcnlhyqytcqwpstqctjuuvvcu
838,257,dckvmllcwkqsvjvaiziyznpqoecelezjavmccxzevfhmjzcvjahxogubeeanrbck
839,793,hhvcmdhsfupcneiiqlmbslnvzimnyyurcdyszcuusnoxqvdppyyioluugynvwqbl
840,967,anretarrzrehkttczwykfpoxticyqesglxhjgntummihmwkzcrfwyacknhftalpr
841,320,ffdmnyfjhtdytjeihjabfzfawcihumjsldfmyumlkvtmygtnordiopnrrgaqbahd
842,404,nbkidkcrrdgjsjupyoauvexuzblxqfnbllpyoknnvjydxjrhchlisjtftropmspc
843,881,ngbqeriuzdayphyybeqvarzwfeagymkejppkhpduvsyarxhcvujuoahhrxndlfrb
844,630,xtdahuhcirclkblnxioprzitqpuhyetcruyoruojisigtzdwroggqcgkiaffoogl
845,706,cafljrqbwpbooztlnnanotxexjfeepbvyqrmjoukfjykmiajsbkacrgbnvoazhle
846,746,hasvyrqsngdagdwrjedaemyevpzlokumunkjqhpokltcdjtyiavsushaoxcthcue
847,105,vowashaltaauvwnsfjxvopfjusbgajtlnrthoqvaaxglanaaetyeqpyenfrlrlth
848,376,iskshcmshbtknzimvuwzvvhpgcrzxnczzzhwqlejdzghexhonravnxsyacsjulrx
849,904,nqhuzpsrgnkhzrsmptphlxxbdaulzsihbfvoiizvhbzwgxsqgjcyfcuqsjgavmdh
850,187,xxntrexfsjaogtzlfnojlkhtwrunnhltyqwedenpbmllspyrtcjpqgjjwsnvizwf
851,929,veezkavhsfdllwcvrxgbwlyicgfaxwhllreobbjhpbkjaqlbubrwbnmzunjvunce
852,260,vnzhzjjdphppuhktvifrrkrtzizofbgpdwhkdrwpkdnyqqtwgeodnkwyzzptbfqh
853,333,mrktnwdhbhmmkattvvfrqfcyrkfcjcuegvlbjwydqvhzqcgznspoefgbrdvlxktf
854,588,ggfsibdrlsjneqsqpudkdikhngakvhlvetsohsoukoflqpnsfmbrecczxrahgxwt
855,240,pgpuvuzzhdsvgadbvxkqxkryvwxlwuccuwurrfxgwxixnwnjxmchqmvyyfommqjz
856,97,onevruxcmlavgiagxfcnwfypeyrdvdemjhnqzvxslwkxldivqgsuiggthtsyccxk
857,86,mzzzcxvndskuhixlrppbazaqshtlcqmkzuzspbyszyoxhuurtybiqekgcrexqidg
858,557,xeerdkvuyehqlvvasdugrlenuhanfdbmogzkpzuvjsctrssgatbxchzbicvzcgjm
859,667,ibrppguxlmmeatvzmoojxtwghcjddvxyswlnpfuvvjudkoiejwskutvznfsaumul
860,890,prqyqvlibendmhpggrajyxbtbtusfazsqdqalmxizkkzvvfymzvkeiipvxxmplfg
861,138,moctcajjaeptnwgpgkuschwarxnmsztgauzilwpwnjlwmxzhaafeppyghutxdvlg
862,370,gvktwuwdcrrpffxltajtpnadqyyphjcebszuxsexeyhwfumkahaksinyydgosvll
863,106,jrikolcnzxrfgeprewmhpoxkrypszdfxgkifhrcpgeryfxcrlhiopnlbcwldfzwl
864,803,rqgctcnnekvbocgxtkaqovdwzqisusbtnqtlkkzhaxfopkvcphwpidoynlnrvtxu
865,618,enpqpytxrydwuaujxxqknpfsqsgpilalyonrqpmhoaiafzbhzjkdckvjzgvsnkvg
866,826,juikdialajydpvudytikngqslulofymihiwyjupnarmqqtobvoymhoaiyfdipwnj
867,883,bagqybznosaduscyiiocopldmmiszpilvosrlvkwhvqefzwsrqakladgxhtgycsu
868,283,grdkpdfdzcyirumowgapbhrcmcyhueyvrigkrmbzjbvznpzykhetitahfbimkljy
869,453,odexovfzleefernmpfrtgbfxezjdqrxtgbeyapyxsftfbecocrpmilgpjwrfsmnm
870,330,bpdzlproqubxsrrvqkjuxoabtmhqhmfsjrwukljntzputmhnnzgidimhpexiecqv
871,21,qzlfcsjwahpinsoajhyhvoppsdrglfzqjhzhmbmkdsvnfzzvhmqoiicbbifjdkfd
872,994,pnmnxvkoevrfpkjyglatlgkvwflozccvxabfanneyhpxsyansqrlnomyagpfvjvl
873,190,ngheprxooomqjvnaumjjvofxbfmhdkdcrgkcepjwgdpuwtvdvrnrdzyelwiaimxj
874,927,xicddwezbnwigjiacoslqwofnjqjjtmfmzwudolnzvomsrwgudpridygmmhiadlq
875,480,yckzfymvvgfbtcjjgqafikdlvxctutprgyctywqilwofnglxjakrubvwmcqunhdh
876,589,dcnpeapirvgjogadnqmknftdnthngobgyyqpmqrpmmcowhaoxygvhzpgewfjgsmp
877,3,sjvzywamnjlyutraifzjykjunzidggitxizverhddnhlnpofziezabfelujrcdrm
878,759,mlpomuydzejoxqmxlnwvxavbnwxblpxemhcgbzhfhhgodftojaqlvtkjvqwfogmc
879,477,tiwodheaeaxppxnhjoastgwoicdnxvtcylurgoezivjjanbaixuahtsygraviock
880,481,lcnlpdjwspfhuujvihnjuwgzaxdyvectmjtbzeeqwiazwtisrxdbxdzkfywegljv
881,225,siahrwnluaondjeoxxdyzcfobwasxjvoiyztfcvlkqvdxvinxjgzgsqithweffji
882,715,wsqmzcrwkjzidcaluftgeqevpmoujctrmhtrbrnddmbewkviseiyvofytcxtlwir
883,937,wdmjbjucpfaqekxnbyynzvgqxmakqlvwabtkhraejkcgfjcdjjkbwfheppfufkgb
884,336,zpdfzurdhbbfcypbnemwgeipuhbbnabdmaupyibwpbmnhnjcxcbxjgvvhsajvysb
885,936,gtjujgiofkizclqwqxrsrwrrsqexgxsamdanqttcxxasdwhudmwqcrnykrepmigk
886,325,cejzwyogiqghiiuiovfobrnhzowbbyoxqpvmqehcketgbcfqshyuzmxwdzugzdnk
887,137,feoyhdrsodhaytnzrvcrykvxgsdxvecufktgpyhluxenlipumhuylgzbiyztglra
888,121,jmzlhbmviojgyukhhftgdreqluaymemwmeenhpcjvbxjuusmmmalwpxdwiqhpojh
889,991,cmgxmzetvzlkkkrvvhzhvrsatczifieegrunyhdluhpirhsgyxfalwlpkawmapgo
890,381,odtosmpxglgjqchbkkikbvkbrqypydcyltekwfzsjevnqgejtwfqqseeeuyrpxfq
891,888,dgxvptzoofmsbpjobzfksyccyriqpuinorczylwgtzkzbrdftibgpqaoalibpwpd
892,275,tapwguphssuloaxnrypjwoupjkfeoeqhueinejnzvaygnhcrnazvnzozzqzvrosr
893,32,sbwfcuxefykcaftzevotyiyfyplbmyntmueoihehijbzmsgwhquqjnyfecfdwvjm
894,227,txgmcoksncfgpymidzzlpdxvvecyfkyhrdndezfmnkujkviysowejikcyuxbaqcm
895,758,ezmkhekgjafjehswxlimexilidvhgpfcznbuyyryondjzicuguzbdmuwlesjbcwx
896,850,yoiaxqefkblxdbfyylfbinshmptevsalyprrochupwfprxcdwqgrlerkepvzlzrv
897,254,hmdaugxzypyejpkdyjnbilzrimcjmbhtjqgmijworqmfyjpovdfjfymunzzchket
898,869,lqfbozkttwobuymlcwoiyrxevudltlwuledrizmcifstqlhlhwimxgkjgbupavkf
899,381,tflnguwdymznzralinjfudwkppvtgkepkddopotqctmjanftvnidvjpzcryvyxzc
900,354,coejitzlzaszoqkngimcykrrsfvphcyoorwqmrfqmcwylkbpnqofiqtigbzizgsd
901,590,ataostzebpmkgrufuhrcdxnqtztapphtwzhzuzwvcezbwwsubqwkptgihwjybytg
902,716,lknapgslxdbktskmrjiiqskjrmgqpiohkbjqjrftbydphkbiysvmfanvgtnjflyb
903,12,cgoiarriyncjfwtsehvngdsstbfejozhuzwtlkwotzbvukfpsbpshifbqfaxwigp
904,442,pkqmwdamnbxndkfykwgpraixmhgfrgmkqeshrhgwabnhsbachicxlkdazjukfguf
905,664,pftqsssviwcbfakbhrqwcjpupaxhlmzzykflikvkhbtpormsnhgokedhdgwaumjb
906,927,gvqxrcrdxyeixsqremyrkuengsxzqsuxprjxlawdkasjlflgjhwfbgripzrxrjnf
907,9,dwbmrdghpwrtzznuxnllrtwcwehprawiytfpfzdzudnhsxkvzbsygmxuwjjsusne
908,106,yjwxkmenaphkmqasaoucndohpsfcpyfubggpkenkpwpfdphdufhtqvuwcimnhqjn
909,369,cossyixnwrtqticmxrsebsrnavsqpyyoebhnxpkfbivvyhhmoklnpehrrfskakzw
910,118,odlyoozcigqbbhmabhubclujokxetjakglrxqvzqguglofqoizjkebgfnnvaeayy
911,725,otihjuzueafwufcslxlhkpkxkrkshunpgzyqxnrkfyfenovogifutofrhzmmzifd
912,343,ebbfdxzjdreulkhjnkezihuzkqqyobgudzsxvfwehiogjpupszfgknhzqaelqiis
913,462,hkshvrknybscfwgbpvlgsdgxshhdkfgiptkkxybngewlwwjsywytxnbjigqntwzz
914,67,auiaielzhgrnhjbhdrnxhdkrwruawfajpwhicndtthqbtfdbablpdxdqzvqlrufr
915,727,ogtdirwfhqrrkezuqilskvhakouyrsekqbbxjeyanxepyjmquoumygimelntcovs
916,619,ctvoppslxrmhdqjaifnxiulaiikgdnjdurktbdhjefkgzlhotmjswencdmdebuin
917,448,wkfcnkallpxcbzbgesrlxauohicomaakkjffjdxdxwtrtvrtizjumiyfhixeywhg
918,450,wohkphncxkbwmxzxvzhaxxbsiuyqyhtpopvxcwkvrrhdeyumtbpqbmuofmgiifmf
919,471,fzxveeiqclomyscvytscgdnguhliawrdcjwpypixnocvtdagncuajacjbarjvcgc
920,501,fklgqrlnjxnlrmiblwisefglthmsdimatllbdvwwcefxhafxpzqdrnwdaznxdwkw
921,42,tyhlcxfarafzfeqkihbbqpnljglabnovjnzcjnufmqtjklkkcvzpoicimoyivsao
922,590,micxqubsydjuzrcxyaxubmiowzzhmyxwgyanchyfzxshqwvvfjyvebqslzxsahix
923,573,xnoggmtltwarvbkmzxfxdhxlgetrdzoytgxmlcmzuttzyybkbkfvzyvvtpuqnshq
924,750,vajtiyggphxboamjkffjqnaetntbwojidpvvvsbaqztnygzvcbpubdmdeabmxzkd
925,273,wlbxeqimyrbhqwxbwgiaoezilhrjsprvhegyecrwkpvljedglcntdpewggmgdecq
926,727,jrcrmxmdezxubylohuvmomcdhgsbwmfloagfrmheauwstxhqtnhkyecsjoicgnqc
927,652,sbfdsegyqifieispgwyeflxtlnpycjrufmwdryacwoxiwxtecpiuebpetketdxem
928,869,kfabucjoepgtihhsmpoiqpasnkhefutovxpkhlgjjjvzdtnrrbkkivlvckrjukau
929,211,wshdmauesqempbliuglpkwahtxivvjghkptxgtavuakchojgupfsvnvsurohmjzx
930,301,hnueynrcwchuunctxnoeclnyceckdypajgmstittbxlhsqpuxpykkksegtgfilhr
931,259,wtxokzepguexauvnnbyejmbvxrnpmtwrhciqrdkplfxviaajwwqirllxajwvdwzu
932,420,alshrogxykviqbxgvedpckyvgblavkjxvrgkwhzsgkdoiqlxijquvjpleprdogfe
933,668,lqflewhwgrgghghgcafxswnbfwapezfadbogsskbtmwbzucyztjsauuyybnmkujx
934,231,zvbdhmpoepgybohofngecdkjpnytmpcyroxmrczdoodjghjuosapmprriskgxfgr
935,556,jjwffskhwzajildmgzhawmhkoywkbnloxkanfgkkrggynkgogdkljdamygxspzqk
936,791,qmdqiycrimhbffuworjximbzshispajbdvdgwoykvsbgcqwxsazsyyzwcquvxikr
937,114,snsqimimkaupvmsceuqaidtflzvmcxvlanzldrridohqnbqncmfchehkrjncytny
938,588,zzamcdisiftxdxpbpzomotvuzennbemfxfauudrtjrpqjkoffssimnlspybjebrg
939,435,fiuquqgzbtpbtylpxvtlfoeuvvqocovcsujnskepcvubrhcsqgykgozccyimnicq
940,392,uguxjrukbanqmluilagdfprpadtagrsvjlyzbrxfkadifspccfzvxotxhticwkrj
941,722,rnxccnvshlyhtsqwyjjpofuwggeadwgfjyowqnzqiuwgzmuonlnadfrjmlnenkra
942,598,ldslyhkgjklcfhzjarmwxwpkuwebsphzwzdksbwucotxppdsbgfrpxtgpnneqyuq
943,71,cqftnyidqimccqwyeosxxbjhufpbhirselcmzygbnamnxjcfozsdwwsipttuejfh
944,815,ykxscyqlkeuhulvewatpbpnhtqtyjpoguceyhhqybvskiwrjthytsglhnkkbnukk
945,954,kwdwjjhzhaevsqekjerbipccsbhofbtfvzfvsoxnuebbpoggaqrsachpehopdzaa
946,658,bazjdfffvogmvxfixscvowkeryceouizokxgclvsaxuuwpcefiatqmnzbytwzgge
947,969,croaiafobndeqkvqwezgvrrcroitndzrchtvsisgygspvtxifykzlvyycrugswvl
948,593,hogsufdkngwxqkehdiudthoydpivjvicppjrspkbkijkdksxylizcvspsxspxvjf
949,587,tamrqdngugzsxebayidwjzebyidfbxarwrgnvlwzuvqbvkyapiiophfyxwvzhktm
950,60,wpwmplxuyqfhnudqbtzkgpfdneptejbwgbjmlvilaqegeszxirwepgjrbzubtaia
951,694,mhwupuassrzaiciaxvlwwoguhmweinzwdowccnglsrzsthhugnyvpjpjytsmidhn
952,837,esojvfoahpzbkrjqwvmjizocjrjpozzwpopfyksvebsnqrwvwpmuumczpgrnjxut
953,836,yxjycwadayuwqumkjqasqbsmtipstconosbmqovesmbwndrlrgabqemezutzezqp
954,735,aasyfwwuocpwkbmmbjpjdbsraadlggcowhsdlbknjjciuxvqkgwueeciftbcwmau
955,100,leojbizmrsybbydmroxnjdzbbnwboqrbwenbxziiuvbeotidmakoeikfxtpofntt
956,411,ecwaxwiddxendvgadzlcexgabxcihcukripfvgxcjebdkjuesbigvuqbhliixtws
957,116,fhadtbcsjdrgjkuanyvxiblangsazvmygkktzvkkfcuvxpriauwlgoaywcrgknrc
958,848,glbsnshrptoqvlwymmljxjhdfygdrziqacpzdmfixqjbvahkkclpinwmlqimpfip
959,656,scsnqajbqvkvvornytjhdonqsglitjachgxjbenebcgqtcnuypxrowsgjrohhjjb
960,886,kvkmedctzqzoukinixbfkxjjiovggypcceovnjrssayvfrbkfflstweoycwampfe
961,136,zisbknjubklwxhelxwczpjhihvfhykcutqairksbmqsplshqhrltxavzwcahsaxu
962,986,depgcldfqjmxecmxektuqwxdlvbqnmebmfhmosidmriuiszyjehwtshwgwcfwvtd
963,83,mdiblgxhtgttfmwxkddcltifmiosatyecujjbzniqlzttkjydukzriegvsmissfn
964,454,gzumcjquuwezpeqeeuzzknrumefvtomxewrcjjclsjmyfwnkgeykpywfvovwqwpg
965,365,yxchyvhkiprypemqdtfdbrquibxqsrgbsreapdcnagdnisuruvqnkxazrmbdsjza
966,258,gvzxmxxjebhiopdtpfqpknzmmmvhkkvgipjkuubwtzjtogurzqxrtdekjphsxqni
967,570,pmnbyaunvljqhzypgxqzkdnwglzorepccvcqjfwonqicsbxpdiibpxwzmwjkolyx
968,728,jhzbmjtqhxkvrqgbdledtvtihflfopooxxnmbpjqlmwtgpnsrfiyteddavdevyhq
969,389,sukmhjdlhsaeiesvthyuawihvvbfijbjhioxwwodgrddhgpemntsijzvcwovkjpj
970,251,chfisioeehjnovpwnjwfpiwpncxdxiuujzpjsihisknsomgbofcbgscpycxqngrg
971,660,hjqfwcnziatfqrrrbguvslpzqbkxupgpgvljjmqwvyatjvhjgmqegfwmuhczthww
972,343,tjgjlvhwvddrqrawgrvfwsjgsbswcrvvgrsgyyvanrmlxvgwzfmbvipfqmiiqior
973,693,ljfszjjtwimqmjgpuzommvsseemdgkieemfzbyxnwrqkpzuxohvtcnivcjwjnwun
974,363,oaywwnzehufvzqrorjzdlzfyekykvqsxosqzshnwywrzxzgxyuonvppjoedwwoyl
975,999,fgnjlqdnbttbdbedotuqpwaqcipjfaxnbroyqeztlwhwvjevkapbbdojdpmdoits
976,558,bbbnmyqdrfymjwjambtlblkzvkxwzoeuzrjkcrouedshafezrjqmerpkhselwodb
977,307,fvijhcewsitecrnetxfaitpmibvnxzbfihhtcplielvnnwxndnnghbgwvmsgrjjz
978,324,apyminptqxxqhwskqzgwbfpozjlsawhvdjyingkkayqzzutnecpbnshoracjmtfq
979,996,sajrinlewzadibuujwpvdegjnpyortfchjnbqpmbeanabvrdhtjpjrvsmmkpxwal
980,949,mgwlqwqbkcpzbkydvaqieysqncuaqyamjqxsnvrahromkfefrrwclbyulutuamvp
981,730,rpirblysrqfbeivldyegmrwoacmowmyrnzacxxbdjpmycadnylhangwraqpjiufg
982,35,ibkqumddvgmmlkptkrucbvlpgsujuvwwjwepganfthsqfvvkuaefyjjzfsyyhhai
983,175,rhknqexizfnyvapczvlnnxkirwodizvuwzxujvappkpdilkhnkjdfmhzccfcozuw
984,492,fivxossoupcnctmphkkbwzhzoczhzzyjdoyabpgclrgeddsautbbyiukrzpzrxaf
985,856,aluowqejtmkzghkrcrexpjlgbvrjoumdxbagvnqixexezlykzshxstxfzgaukxhk
986,185,nrusvyhzmbadymuoyskqiywvnmpannxdysuvtkvzxbdxswtjkancehssmbgcqdae
987,850,ptyrhpthghlndyzoxjbdnsttbmkgdlklvolcpergkhvkkytysqtxgybsrgvrozxh
988,949,rwulmuwnkjqetsuravagdgmcgmpsjtikvnzowqgxfqjkxodtchlshaszbjdhuqco
989,702,tbvrenzclyrrbokhyvzldfvqluromartyrdkqpldkwmavuhwvmtqkbpvjxmuqnch
990,55,kuzremzzapjewmqirmdkzelrddujdxptyzphgzzkehsbggfsyxjnwauqbmbfbeei
991,963,hzdzijvkokdvcxynbiyxzgbmpcevrhvwawulqnuresuylpkykxtrppqcvcyaqbjv
992,141,wfamuckclssjuiaobytonpcqzieokotovtbqaaymsdposiqvwwltwjaqiauqqytn
993,695,mczyynkbicjzszyeaqnqutybqytdgrpdrmkxeamknhtgshmfanbrbujlyhimogna
994,107,qhuwezmiujjqxqkamwqwvkukzzlkeatyelifiimqyscmnorxytyqdkbqbfabynkf
995,260,yladcgwwmdascmfmodawtrhvukylnkngawmczlhupbauazqrtlbhfaaoemvplpkt
996,927,jwtvutiybmivcsviypeisowteusqdleiiwarvzbbrfelxityvffplpqcqpzgiqtg
997,405,osulizwbnobeevgkaggpxephwkgpfnjthpylueqjwabospogdezuxpjhvqjuvhny
998,767,suzphamfukndgspptixqmltpzzcwxzmxoctdicepmrmrnasqnyuvxvxmrsqkzbed
999,705,lmopsueiuffknduydwajeixzbboakjvomuunudnbvndpwzdnzoesrloqdpfagmux
