tag_id,title,color
1,zhdvpngwuxannvvutvgylfobulogpvwr,Blue
2,sgtsowhnhytjqtgbllcknzyxnusezfhq,White
3,bxaeratcwjybvcyhqrpltesgzhnoyyof,Black
4,bfpzhcsyghhsidqboedzgsvblvenkbgi,Gray
5,rvgqargrkxjzzkellgzzkkynfaaixtnt,Orange
6,cxopxmohttpckntygpalpclgmhytuhtl,White
7,wksgcnzujmnbfizsxqujutsxmnrrzunj,Orange
8,cyommhoishayrensoacyakhguomxezwr,Yellow
9,qfabrbimmlfbvugwwppoffgogonccesr,Orange
10,byfjokbpdncwzvjntdbebvgfxzutltxt,Yellow
11,apujfrqlnsdiifacuccvghcorrihbcqa,Pink
12,hfercavwwuoohlxcpzvzkuerfcuusrxm,White
13,oyfgxkxhwxsliklllsrqqanhjyqzwybv,White
14,dhagfwriqavgxqivvzcqvpizkearpwpr,White
15,ouhzsxcdzwpfeljwrfllskzyvpoljdjs,Gray
16,fcsknpxttdvtmbrmrmlkgmprrfmxwpkg,Yellow
17,jncwdyncgwqbkosocdedejfaqomyrtin,White
18,aoaejkayviexcujjnghutbyqupoheoaw,Pink
19,svunlsoffqdfkxzbckcdxnqeqwpzgtgx,White
20,eqlsycfcrzhnyrmwwcknrxrfwdtpnqpp,Black
21,rpyaroefkrcfekmnmmtulynhpnlddwpx,Yellow
22,rxycttzbqzeyziwqbdpxzswovgunkxak,Yellow
23,cctydvoikdktoooxwclgkjerxqtxbgdh,White
24,qwsddcqoxestrezrgdjijwgflmpnoodp,Orange
25,zykamuhsrprmclpoykigzmgdwjgoztia,White
26,zshnxorppyzczdggjakkftfhuyqrclqv,White
27,eujtehmsrtrwgqggpslearhiywirymhj,Yellow
28,oipijldgmdnvqqlewzticxfkzgtrfria,White
29,oepmtjgmqgratgtahywqthfawhnelqey,Pink
30,ouyykzwjwqfbsxjyfymxdqqmlmysnkxe,Gray
31,dfgancxyluqkghdrphgazqmjubqrotot,Yellow
32,uvcgdfrmnzfkhcnrgpttnhtizlgxlvth,Gray
33,foezkhkwctmmsjtivgblukcjienkmryo,Pink
34,peoeviiuvivsmkaaajlcaqdigmktktvf,Black
35,ajvfbamatkaztyxbrxjveibpcqzpvjpa,Orange
36,qkjnpymcmknadfmuqbddxniqchezhdkj,Blue
37,gazrqcmeqkmemkjcrmiweitnlhtpdxxn,White
38,dqcfieldmcgzrypxqoxhytzwtunbsstf,Orange
39,cgslrwrkfpflyoqtxshjvwjhokcegguj,White
40,guredlfcotxzkcwoflsojxitwxumzstl,White
41,evzgfliarwcfxvnwfknyxdhxtqnksywi,Yellow
42,sewmduspgbpojgvopvrsrzvhbgumucoo,Yellow
43,rjnoezzddtqqvhgdexqyvskocomhtdgk,Yellow
44,trjjparcgjjiwabeccdxwrxvekrfiivr,Black
45,kavrhvxuewidfdeeehvgwswykwntzzqd,Blue
46,pcmlzaeohwzqthaijvjjsdzxlhupcutu,Black
47,alqxtlukvztdbpjdigmysrpyompvyklx,White
48,flvrvzoccczpcmezepauonphktwpdbcu,Blue
49,agzrowizrlswlxivveggdzojgmpdkpdb,Blue
50,rgjcybumvydrtzrrmlsbkpuvzcwzbcmr,White
51,csegksceasdydwlicocgjbmbjzeughrm,Pink
52,jxlwhyyhsqseevhiqigcgqgpstaduugd,Gray
53,jrvdzzfqnmacoeaohrvjbejtrsftanai,Gray
54,cjysplogmfwlovgeqeirlzvwuxyuroem,Blue
55,cjzluzgraqdmeuxrbonqiplbzjgvsiis,Yellow
56,ftuucqsydhnybycdwbmipqqznucjrjon,Orange
57,llfbrmlllnwxkhhpfvhwrztfhainebti,Blue
58,quodsatmgsmwlazexhzucgtgsjxwixos,Gray
59,eufgqvkhmleanjryjirkjfevbqzyxmmm,Pink
60,ipnbgwjyeogehtcshstvwlwbuekihcyj,Pink
61,rpqlvguuroxmgzvvcejfngkmbjmehkuf,Black
62,fwdjhqtwzazhngqiuguhwvrsilaojrrl,Black
63,nkrpunibrgavxfbosctootsjxsvgrvql,Orange
64,scjivlbzosqwyroggtizggfjgmdtvbas,Black
65,gigpjlyjacrlppvtlxbppitmaypkgojp,White
66,xgppnlrphzwzyfpqwzpygmiaxrroubzz,Pink
67,bygokjhattxafqyzjpciiecnnrkyjhsc,White
68,btjwsjfimcdfgzzctjyclyyrwrbmwbny,White
69,gsuvqlsxgnmytczwnbjybgrxqnelvcbh,Pink
70,hbkzyspsdgpnvncjtlydxwftjzrpdouc,Pink
71,mymbfienuzkcxafffpbejrfsutgcgpvd,White
72,zvkcdxcezksowrqgoftbtobkvhtbmnls,Gray
73,egyyzzpafotseepquvyhtukdfwhwyhhl,White
74,rpprexxipzchxfsivckvvswiuecepifo,Black
75,dkvxecpatfrwydbydoiyknskpupszokg,Pink
76,hhyqzmtzfpwjgdeipianrzbdhimnmvng,Orange
77,lsjyukfvmkhsohbhaezxlpcuijwbptkb,Pink
78,ptnfedzjwdxdjjermsvhbzeddqipjpgw,White
79,rqcodgnpzzzecrinbsolcqkpiskhzlye,Gray
80,takzngxaglfbegejgfonsunagjdforgc,Yellow
81,wufojgktxywshsrrcemalqxodlxgrnxe,Black
82,npzlanhnkgybvddmfdfgmmgywmzuylef,White
83,wvcwhekymtjmlapvwpfonvwiwlqmchnb,Pink
84,aqznolxtwunrztwahtbxszgtjdmsxbzt,Pink
85,lyqqbesxngcshxxbiwonlfkuoylqxdbn,Orange
86,jsqvktfrnnhizdabebefyksxnoiilxze,Gray
87,rzwjftamlmnxvywpvptpbxvsdtqumypz,White
88,tkldqvlqqnxuzviruehztpdyfwmqthxd,Black
89,wpzwqrgtvezkaxskckdktrlgsecleigj,Blue
90,pekazxtvhkpdzjbqejhgercwriofnncu,Yellow
91,owtfptluwgoenosyfqcohfbhzpmqfoas,Yellow
92,uzabctrjqlhmmzxjmugpcczrjklvudtx,White
93,pwoxzvtnxnrpcqdbvmgcjsndkdefxrjz,Pink
94,uekqlzetugdqshkagvsfkmyibwpxtyxj,Yellow
95,jcldekkeawdztqfacoxxgflwhoeadasc,Yellow
96,mjfcevgqhphdujwgvzaflhjnytahudkk,White
97,yuuaylzxbvefzjiovwfdhacfwlxemhuj,Black
98,ockzqrcqmxxkhbpmnlroxzsnbixyxmlc,Yellow
99,hbljmmxzpqwvecdauxfhzanlcvhlnsid,Orange
100,kgstwyqpgqnaxilmybamiytydsfmxjoj,White
101,zrocgwobxucoxbqkeflflqdfhsjowbna,White
102,jbnrudvceyssgtrfboddulokohwmsxzs,Orange
103,yxriirtmqpeukygcoygowxccpjybzoor,Yellow
104,birzynnideaquoeomnzvrvznxcnkcubd,Yellow
105,vspnvyvcsoaaepxxgjmahihwbwhkcsmi,Yellow
106,qelnhaydafetqzszhqkkvombeomksfxc,Yellow
107,pfgpsfsafesoamtuqnzxhxemkszcglat,Gray
108,jglqnurvxjhjzzfkywermnctgogmjcyh,Pink
109,lpgmnedaspjugmelbyjeexuinhzlduds,Blue
110,vywexqhmpimunvlkhqixoqynnuuhmeib,White
111,tcytethggbuptthgglotwglwxmtabxub,Black
112,nojrjkbbsgrmvkhmyfsdjmhlqpmxvacs,Yellow
113,earjivklirzowjoooivnpgpqeddhxlee,Gray
114,ocfunbbgckvrbneniflofuevzgjqalst,Yellow
115,cnqztuawndqyoyoilfppqkptohoplqdn,Yellow
116,ujrxzuiikekopsheejqngccnzqiweqwf,Gray
117,gxqvswnjncgnfzgfhnplwbdgjlbwhsma,Gray
118,jhtnojiafuvfpaeklcdjudmjtyncbdck,Pink
119,mwcnsyadhgcefartzigqyikqihayymur,Blue
120,zhfnatlcxfaylgcyqfejijiecjrvzbbx,White
121,jmjmaxxanvlwbsrauldtyqzqvndegdpr,White
122,dbvbwjkeevbeffzaclccxdfkchdxrwnm,Blue
123,turvioxsqyvatskwhhhkfryzxxlrarpr,Blue
124,nwoyofbjdotufruphgnbvaacjnthvvsa,Black
125,plxhucyxbocfybsrrfnmwldpesvkroaw,White
126,ojuujvntzfjatpmndiofhbhzjljswsip,Yellow
127,rsganlwmplkpruzzaxyemrqyiejszboi,Black
128,zxqfrqlqrrgdgnzvxvyhnbatvwscidwi,Orange
129,avefhujxvluueyhaqakjzwjjbvptnijk,White
130,ganxiaqjckfkykvnvjyhnsfneffglbbs,Yellow
131,naohqxhqdixwvblvikgpglnpfyiwdvjc,Black
132,bucuddpnjpuxaaezjfgxffbopaudundo,Orange
133,ydufywovpozqhzvqwrtymfjslalinuyl,White
134,wusrrdctbddkjyeynejtuvtphxttbxzv,White
135,ikguhjlqyqbybmlyqgxdhzcijtwnaubr,Blue
136,dkudhuaorgvhzfpwfryxcojkiyxxzxhl,Blue
137,fhmqijsbmaonqxmmytxmekausakfyttr,Gray
138,jxdiouaeggnhxnojouoxoteeapglpalk,Black
139,cuwzxzwiyjfubstjvngcvnazuxusnrjh,Blue
140,wscnskqllmftqoaxabfwxenzeefxvssc,Gray
141,rrnijudyrjlkczwpogohipmfuulsylec,Orange
142,vmqsdtzwylgybaylwtmtcksbndbbnheh,White
143,kvbcqpyighkiojgspyixdbpbtfaxtswj,White
144,jxtmfapxukfjxkmqcxyhdmhgdlvukyap,Pink
145,qfjvtthuxnntztoyfovxfdkckhbsqluh,Gray
146,xdgphrmombgkvaxzxnxpcykmeivjgmxk,Pink
147,evxjcsiupjdcqqhjijltibvbnwnpnfwa,Black
148,qfezaqfetsbkqhpyhfsqqcfigobtsloo,Yellow
149,pcsbmzejltcoxxcbybkjgkgywqibgeab,White
150,ysqkvtbmduzfhuzjemvzgufqysovwgok,Blue
151,jiwesrqahwhaccfdxqdtbwospvcviipz,Yellow
152,qmvwkceowinnkznkvwdsmujzafpxzjem,Orange
153,msvpgduipmoxapwjjyuyoyfpnvnuszhw,Yellow
154,vgkphnutpclixybaxhocfcfdrjuyonjw,Gray
155,kbfskgdjhjhlgdtrxckaxxtulhyxwfeg,Yellow
156,vyuohxdrfvxydbnkyezxtznhhrqznxcp,Yellow
157,tompixnfwieynmhhyzyyqepbgpvwgmxz,White
158,ldmooktlfocjmecmbzjensahjhqedmls,Blue
159,bqgnbpfxdpuzehyxsnhntjkmtuxhekqe,Orange
160,bdmfhsypphnngfgjvaxlfcerlsnqgleo,Yellow
161,kebamxmcmoranqcsvxvwkeehtpnhddqd,Orange
162,rauzqyywfsctkoyvptluqsurackbxhid,Yellow
163,rjhyjwwpseagmvcdbndyivpshfvrpjdf,Blue
164,kgplosymagohqftlwllkxvsdgtqbsius,Pink
165,czkfyureprsvjjoothejjsnlakkwpzic,Pink
166,iovhmcziiwqwmzjqvrlyqfxgxqbkewun,Blue
167,ptzwjktchvmirncxvarlbpzxrzzwurqf,Pink
168,clfjosuphvqurveiqkacmrncmzcynjvm,Orange
169,zhzstuxbsltasuaipuopzpokcmbxakrm,Gray
170,ukkrzqujygumuvtztvmzkkmxsgqtlqoz,Pink
171,zlqlupdcmznywpnidogbyyzxipfnlcjv,Black
172,sbzdnaavscerwqrfqulvmthvqzmmprwm,Pink
173,bywybcmzxxpyevrrhmdnbaxqavwlaldm,Gray
174,cgnbcqkaiybfqgvacknwodmbqhroujoy,Black
175,spqlfdkccopazwjxepryzdsosnsgorog,Pink
176,dqamuuxreqmqkeazlhqvkxljxzifaigr,Black
177,jviaaybqhyuqemctsabnfrsjdakwhtdt,Yellow
178,pfwujowgjnakbqihyfrvkwvgxxifkark,Orange
179,wjzfwenirctkzmfavqvoasdpufnxcwik,Black
180,hqyrsoqvhcrbpijzfncdqtppetqqfrar,Gray
181,gymogdxarxakeuheahcxfietahppcmjj,Yellow
182,upsyqvewdpovpksefgxrojrzksfelufb,Yellow
183,ppzvpsgxqjkcurzopaydumxcayrkpymv,White
184,eelemqdgeandyhlxthqipksnqudkthrw,White
185,kiwelublutkgrwzhoaifegiclyboqrhf,White
186,skbsejywgpgzfzciuuikousnpqgfzvof,Gray
187,vdnxgxvrvnhtdvsgbswhorkpvpdrwzhh,Yellow
188,mihlplfdzyfumvnwkkthbrgwgwklauwc,Pink
189,hfmxbgmvcpjmynbjcszwtkdndrltyopn,Orange
190,iyigmotjyzhglnxlcscbmgldntwrazsj,Pink
191,dyfmrdnvitcxpymgjprimvlunoyfrjph,Blue
192,aqzuthcdudfjkfnhtevcqumqjzosbzfj,Blue
193,jdjnhekrsmydxrimbsdfoxrktcpwbiuh,White
194,omwwgmzogtdguhlzotxxyxnewwezzcef,Black
195,qmiqkiopbnyipnyqxgasefdvczduidia,Pink
196,lqzglbmiukdmpzwarxisnjubvktlwdsw,Gray
197,taylumcflxhfggtzpgkyuavembyxivoa,White
198,ecormrezpouxldhicnsbssmaoekbkgwe,Orange
199,djfegzxfjfxvaexglmuzylfhrseivlca,Blue
200,oefggabiqfgobgpckjvykohneupldytj,Pink
201,pqzcbkghlflpmdfaozbytextlvnfqvhx,White
202,slrtgthnokwedubvdyxhzmyhjyfhadbt,Pink
203,wzhjdyegyzbbqpazyejyzmuylevfofvi,Black
204,wqijjdyqbnsjzhfexldrqahbdmlxskym,Blue
205,rzwabvimhxqeyctgxolzqfgbruzveeba,Blue
206,yixztfnnrspsixmoydylfvvasxmcwcqp,Orange
207,wpnpyicpoyvkvayhnxvuvsgzyfyhsqpk,Blue
208,wxnlechyzgtjzkcmuzsmlamykopbvlvp,Yellow
209,zxpiypbvcshbfqzgnimtbupmyidmiabq,Pink
210,dugchpskdqepktbrhosravzicdrlztaz,White
211,clujijxyhveurkjmulvudqscucwnniyv,Yellow
212,stqkxtehviapayjsumtephxqsdaawqcx,Yellow
213,ceketmchxxshamqbqlrvvbsrumsyeklr,White
214,xupjnbefexuoiatzrpsjnkxmtaocuwjs,Orange
215,wemcrfvirdlfhtmvcdubrqsgllgekgyy,Yellow
216,pfqnlgwimwewwxuybzpewxbfjolbgman,Orange
217,trzehgszznjkpbxqdpoizdkclmffdgcx,White
218,wqmanjajvrtxnqhpxafpziqrmhmujkwr,Gray
219,yzjjvducsdfqbhimmcxkgyikhlnqqyqr,Yellow
220,bzyvjpnorllihmrbylucyraawvojcqmm,Orange
221,jedwbakjfjdhkqnxxzpdxrfucwfmxzyu,Yellow
222,gohxxgwkdqvrmljjydanhyezvespcfkq,White
223,pawbperakbopgdffykfdinproixktijw,White
224,oxxehfydsdhetfziewripehafqifdrns,Yellow
225,pmmfwgntspliqnmcpbfrwlojdmykouhp,Yellow
226,tituanlpukdovfxbfwcfcmascwzvxsrk,White
227,wgkrdheuhrvwjziujwftyzmzrbxfscew,Pink
228,wqzhlormxkxsgfsbntclovunmfwpiwlv,Pink
229,pmhhvsssttzjellimydkvrkummdfqvdv,Orange
230,bmoijedzuarsjrjbwucasfakhgmovmsy,Black
231,wzvstdubnpebcxuzmsxvcxwrtdydvvfa,Blue
232,cfehmvxwifkijifyrkluexzycawjyahg,Pink
233,breppzkpgxekweslrenpkcwbvalzwbam,Pink
234,sswgkdxjqbblhrtkdibnjgrhxixhkuoj,Pink
235,oxpohicfmoerkvkyvktqztbwiulrtfhf,Blue
236,dbyipxnkvvaupcfmrbslnbvmhvsrujky,White
237,ofmngdyvcbsunglcikoejfldeqyiualt,Black
238,xfyaxaxjoczkavpocqimmlajsazafiuu,Yellow
239,idgmypwsbkstiaazbfbotqbdvwmbztys,Blue
240,scheglnncfxkramreqxagzfpvzllcwwf,Gray
241,fyxercmwcwzqarwwuuklwgzfgqgprgtd,Gray
242,fvczlpmokgpyywnbmblpabxmxtsqwuur,Orange
243,egtpqyhaxqedlcrjqxmzatkyubtmftjg,White
244,hucaawrcudxnmanmamsgxquuxchveqjs,Blue
245,ivabkaogjgqhdgjrgyyqhrhejfnjcjow,Black
246,zpqivqjfxcytsurjtkhmexzysajsnija,Orange
247,cvqxjbuogkqsxljxbdhdtdbhviuaqegy,Blue
248,biclkfpmkkfjrdgwqsynszxsyvkeuapw,Orange
249,mqcwbxfuxcumpzbmgwietyvahsdwrfsl,Black
250,pjaqdcsgrsmlrwhfxlwswhydznloclha,Gray
251,jxhhfzzaqzbnsyctyttjgxpguegabuwc,Gray
252,eokddutpoxotkatukmyexelnubyuldhf,Pink
253,uzdyhcpeeryerrildikcosalaeonmfbl,Orange
254,quvixmuauldibyoysqtablbrucmevyvl,Black
255,onvakzyqbgvxfguntyhapfjrgrzfvnhf,Pink
256,zhhewrcwwrhdeyqctcpbpgwdexqactwh,Gray
257,nqtfaselbzbqftwmbvxfmbucmsibpzbl,Pink
258,zdgstboamxnopaidbfmiopfdlfajbcjc,Orange
259,cvomfqirgqzifhtsukpyaozwxgalzhms,Pink
260,yusphffsqpquzwynmhymfsxlsxhbsrdi,Gray
261,mdpfshvrmobnnmdwlpvetqpzrxjzvsas,Gray
262,vloqlnaifitypdjinhiqqzjcghyrnpat,Orange
263,utilhcrojkfujgflommuzuacbvqvdshp,Yellow
264,cltmhhoxzfdunivjmjehjijmggfuneuq,Black
265,rxadqgximitadmwrpmncbxrfqeepbvrn,Black
266,dsslztitkkhpztlfhccywxsbcdkhawoq,Black
267,ubvolipbvfudbzpcotejpdlcxozrjcfa,Orange
268,fgwjrfyptbhjqjpclpzudiihbjartskm,Black
269,pxshxuqqzojsbrecxxodwezbbtfqivpf,White
270,bwocoourquhtwbnyuwtseplrwgymqvps,Blue
271,qbtgheigwlxxizchfykpbkjvuduwybgp,Pink
272,bqsslbyphoiifdysnrfidkzmtlxtsjzo,Gray
273,rupvvfcbzuraleifpcvzgtlrrepscizf,White
274,mhzjmkfkxdkvehuzhndpuxkgpkhrtogk,Pink
275,mitfcykrfmnpmhofdvzvkchrajpjyker,Orange
276,dhbbdznblbwfdodgcsshkatosjszduvf,Yellow
277,hxxuopwjzoonhkssdqghkjjpalhaqevy,Pink
278,pfjvyxmsimifmldjqnayfmasnvuuuaet,Gray
279,rnbcnnkidqqzblbdylhlespttberyoda,Black
280,yauzyssjzawwypaihlwvhncnvxdiexew,White
281,lzxaeucckcvmtmuwvjokaciaqyuthcse,Gray
282,kbsnhuntbtvogofygwnjgftopufnqkfd,Blue
283,smyfardfdbwcezwvjjrbgutbcdyqcnwi,Orange
284,osdeanyzzyprbbcgstaxjqdmwwkskeoh,Orange
285,iuhkqlqktxrvgguqqhqbxuomtnnjuedp,Black
286,okougwlxxzocliffhdpjzprfgktoptuo,White
287,yzlcnbfznrvugxdojohdioahpboadzbk,White
288,zkpuadpvsmfixarbljwpnkuuyqtprggj,Yellow
289,ijtscoyrjjpzucgmoklsmihbujmbmqim,Gray
290,cvftgeaspspaqbnlijondtahylmztmim,Yellow
291,yiwexindggpqjibeglsuysvgbvtsqteq,Black
292,dcxxpsatcyjpecikxugozunnfgimbrnq,Blue
293,nwindvjetoujoubnzqpkzmldvumrghzn,Gray
294,lsjcedsghcihssxgpslhsapclrvczczg,Orange
295,tzmrgqyzwwcpyltqwxxovjbfwecadukl,Blue
296,cqcvijnaigpjldcdjzmphbiyxizejqju,Black
297,acabcalbodrcocngqvhjgwuobtdubwyt,Blue
298,qovgtvmyndfhhiowvpjiashqeqnodxvp,Blue
299,cczobisasawbsilsmlbtqwyaqaarfsbm,White
300,ioobyawajzvhmropgzembiubdvlymhti,Pink
301,yxwemapfdqsoznrwohqogrqjnpvlyvmt,Gray
302,piiszqlweegbtddfsnrwperfwkxzfqaf,Gray
303,qddwdrlwzkohixhneqoxkruksgdgmspt,Gray
304,zyodefpsxvlmzllpyxzfmqepbfdydlqi,White
305,zltgprcflhldmwvvktqvzhxlrjdycmbx,Blue
306,mbxhxlmonjensvcqecvadtjolkbashnb,Blue
307,zkjmfnyurukcvkyzyerrqaquvlruyeha,Black
308,dnlydydwopuqaqewjrnlqpxqtxajblma,White
309,nxapyehwifdgwrvonfmgdebmysqzhrjl,Gray
310,xomdwnxyicfsgnwzgubhqpkjqmbfwlcw,Pink
311,znfnvrltnsujgnmkicvmknesqxoocopz,Blue
312,srcjnirhjjdluxluzrhmubqbcqzcgvmj,Yellow
313,azrwjwtkkuqsoyboypuquakupasydbwg,Black
314,qjpwchgxshwsupaefvtzivetwxajmoln,White
315,wodtrcggclxfuueutoapawtxcdyzwkmx,Black
316,lnibqsaqrogpneegatjlahtmbyozqusy,White
317,mlgoyqwadcomyxiwsykidagmsbmrageg,Pink
318,pjsqwauhuzyrdwtvnvhrwxblkkpzkdpf,Black
319,axuuillawfxzbyforvbhnkyauivmqdcp,Gray
320,avflgskmvefegtaoptueqbhqrlamhyqm,Gray
321,dzehmbktvymrwhlkdeglulbvdpjewusi,Yellow
322,gitczjrgysbsvihpdswvbyolthkzqrwa,Orange
323,jttbocpjnjmjipatmtywuwubmjlhxprx,Blue
324,bffwhtejokhjnzfucrsdzesgzibmpxxq,Black
325,vfqwidwrmrorswsqyqyhphemmoczisvb,Orange
326,zcgokqcgkzznhztdszafmyibeevgaglk,Gray
327,pvhopgpbepxghsrtflomcupejrajexxm,Yellow
328,fslwbaowkrcwgjsaoydbkexggugjsusk,White
329,ouahsvttqktnqvrubgmgocdnfdpxzltg,Black
330,lvqvwphgdxtjuuukvwnpbdutewmwsbrl,Blue
331,osdngbzxnkjvsnvmdrbgeczsbqhcsehx,Gray
332,tbdophhwvilmwvnsypsqinakjsphinhi,Gray
333,hvgksxgvtwwtsecqlpkuymlypdwbhlnl,Gray
334,vhwdrdxsffsmyxkjkkgdcvfygjwbtphb,Yellow
335,depablfyjchijthotdptxnzwmxvscnxx,White
336,kkzbldbcxtlncpocsvlkboxlnihnzrlt,White
337,kqyalbflhvmcrqdbijygsweuyzhvmzju,Gray
338,jqqjvhdiaeupvwnugxzmsjbieavlwzjt,Blue
339,xluczgfhhvluxxwxlcrdycbreakvqwts,Black
340,wxgmlrqdhiwwvpiusuxbgnoijexljcff,Blue
341,rljeqvvhtcqzsuqnxtbmtjbkgztvugyv,Gray
342,wbzibwhkohpmvcjeepedhatluzaekdbm,White
343,awpzknsffsdfcrqdffmmznrkyacojior,Orange
344,hjltpytpmqghwfutsnetctkihsdghxmm,Yellow
345,pawaivgqyatwcjxfolkrotllubqmohdj,Orange
346,yhsukpufshwcomansrbrblircyskmxyj,White
347,vudcikstbahayedcwnviqoebqvkcowei,Yellow
348,syerczroqdpxdzyitzxsfxwakserhpsj,Pink
349,vmsqmfzlqoaskwjtuxvpfvyyncbrbxuo,Yellow
350,qrksudxjahbvzwmpweqiwivqrqmnogtp,Black
351,unycntwcdhzhsoqjilsfruyhfaindrkh,Gray
352,mbwtmwrrsndmjtefcwxbbeishemqmkih,White
353,rinuttyzpbllsdegcnxqbnsifcfleaca,Gray
354,adrruaeekuuthhjipeyxzhvrjrosvwlp,Blue
355,nhgkfhwwphngzbebtsqrwdyrbanapxin,Blue
356,kkhofkczzlxjqqnmhfiwicgitqetfsnb,Orange
357,axmramesmwzjnzrgbiibdfjxuppcfzva,Pink
358,uiicfxwdcvotbpvnocjhaxzlwpilyhur,Pink
359,hrnsjeieygyxsamfoqfjpkkzgejfyoew,Pink
360,khwvelobimrzpdgjuuchxlhdryswrirc,Gray
361,jakyxflimyttncjtfgtndqksznohoqaf,Gray
362,nkfuydeewbzhxhgweymxdccdwryxdwab,Yellow
363,advbgtkhnmlgkwqyavpuagiriapgwcel,Yellow
364,dykdslzgmzlggjsmxeypodfklcjofssq,Black
365,dsjcejiqnxaxmehwuzogphoofucldzow,Blue
366,iywuqpaoomynjnevzhktlpfrowayxsqp,White
367,yfjifpwxilwleupvouqncnmaezvxkpzg,Blue
368,nlxewrolsicoficwdlxplcorwxxxnbjq,Orange
369,igezxaqnisejlwviaeqfkjmgxuwyqoqv,Black
370,oafumboojhrfhitgnmtmyidtxrmnijqd,White
371,leaoabiujygbspztpopzwyicnlpdmaeb,Gray
372,btvbgjoowupqrynzgubmxxnlozcqxnfo,Yellow
373,cutsvndovaolgvthgkqbcmshuvanmdce,Gray
374,bnugpzzfqpbfkpjnuocaawmnzgvopeiy,Blue
375,hhlwrbloviowtfaqlzetnlhpkcgboewe,Pink
376,jzoqmnsyzeoehtnlsdyjzmrjfohdsiaz,Blue
377,pspiuwuomxzfryxnukatblrogzmkkcof,Blue
378,bhaijhgpzxxgsksomfhtbkxlspokwttf,Yellow
379,fjcbsguaoubwsxuqfeklfdyetvhngard,Black
380,ndhfoiwdvnvyhukgsncaqtrtljsbqcuu,Pink
381,ngggphhyzrepdkuvfpessugrvmzfnqvr,Blue
382,tmsrbxutrokrdeyedfefemxvzzemanzx,Pink
383,hoqkpzkhrxozmaognkbikqdkmbgewcva,Blue
384,zmaujlzzkrzbhrdbuuprhmclvxinfyru,Black
385,ngrhwftwteqnfrimhqofuxzhsheeqitm,Pink
386,sqnddgxpwecsalagvbtfwwmxbcpdzpjg,White
387,gtuawbscalvcumhaauvdqlokrtsckxis,Blue
388,nifkksrwmscnollmuysuyiknjdglgzwx,White
389,ypwufvfbergfecqevcgbmuietjsjlsqp,Black
390,hoiclfzhgyjkuzdkesithubgckzhgzsf,Pink
391,rfsyqydgsteipciacgibvhsvwfslwtfu,White
392,gnlgzfzmgjfjfcctjtpkimugmlmzgriy,Yellow
393,weayvbfcznnekdezbevwjsytbpkyhpjm,Pink
394,ciipxghtrzdjtushaypgiogmjpbsjvvq,Blue
395,dqsmhvbtcevbzoatsbmwgsplpnawuxzl,White
396,pivrzentaggjycujcjiotphbvsskxfuj,White
397,nrbmypvjoiakelcwuoahsrmxobxsriow,White
398,lygxbxjlwwgwaspbmwkzsfeujmfhenum,Pink
399,tafcomcigptvujdvunasztpmiuvmphqp,Gray
400,yneffyxdvqfffsqjjqqhancxmvtfddai,Orange
401,wuyqkvhrccuxjlwwewfyxdelgdryxoqg,Gray
402,iovvlfqiutlccgigawjuedmbepgngxtk,Blue
403,foavoenldbckrwmkgugabnwtdcpiwfpp,Yellow
404,yyrdojrniwxmhgqnsipibkwuyjwtauzd,Yellow
405,owcgsewvqmeazqusojsnlzsgluyookkk,Pink
406,nenxizfwtutubyninwxfjzbtvlqktshi,Black
407,qyzdgnghgyqaplvtuljhzwweecobcaza,Gray
408,gngcnitugwrojvobokyncskuiuqqtjbq,White
409,zsrztlbtuwdiglfqyzbjgmdehhfxjajy,Pink
410,vdkkwlrivuhiogggzpallfukyplptgsh,Black
411,ywjmbjlpwliuxtgdrnjalppkpxpwappk,White
412,hmkqrueluajdntwemqcjazmtixkqpaja,White
413,jqmbbrhgbtihnpiebxazfrhjsujttqyk,White
414,mmwppqqefufwgncwvpahkjfhzsedctya,Orange
415,hbdblxvntdtfzmzwiyjvymashveizksi,Orange
416,zalbsflktxvaecijdkcmrvmjxsacvxby,Orange
417,hzqcafdsieddyjybipxwhcsqsarmptue,Gray
418,ispfnopbqdtqxfarbysyorkkscodeijq,Yellow
419,dsmsbwmdbcmpkeirvnwzjgizfqveykbh,Yellow
420,uemnlsvufdshzwotarafbpcvkmcoflou,Yellow
421,bjubrxmwpcerbrahvlpubjuejhffxlal,White
422,dybjkniflmsiuyhzlyzkqmcjndpcfnwk,Black
423,hswnlbmtqmjanyoebvmnkusjumwsfnuz,Yellow
424,vzjdsflstybcebjnzqmolbbfeqqsicfs,Orange
425,tajgyyqiqgiyjtdqrfkmgnvdupabwwpt,Black
426,mherlpnavzawlgwmsaugsoothykmozpn,Blue
427,jelfrafummabzgzcjullmltosusfihqp,Black
428,uekagqohexvqivxtdahknugpxkcsbdgg,Blue
429,xxxrpjbzxjxuvqgditpbgkejeftvgpwu,Blue
430,bagllfamppemoharbyhotszjmyyneiym,White
431,sdmlhjcitypqbfuuqaunfyingpfoecpg,White
432,zyuvugpqrdplwwgodxonyjmofafvfhmh,Black
433,wkkkumslvvlgafmrtcflarljtqlxagyl,Black
434,xlztkwopknrazltleepixfpowkhknerm,Yellow
435,skwrzzmbndwlwjcoelljzgrltpgjnfdu,Pink
436,rdfwvycjeaiwqewsqjivimtljnwsunqk,Black
437,vrgicrjwlkkzsekkbmqtlgfliklmlaad,Black
438,atnhslilgtwtvrqnnelocjwvawnceche,White
439,mstxvcrkvizwxglafaclwypedspkitoi,White
440,xstyfmemxehjeemdirchnixtvgptzawo,Black
441,mdxgflvvdlnhuormqqwhyboqpjfcsggq,Blue
442,ibdigobnvxzwenshpzonidxjuojmmvcs,Black
443,fnfoncqbhmnjaqqompugilwazhothjrz,Yellow
444,rpgfolewsomyfzgxxdnlzdphjomhczvi,Yellow
445,jtpqgqyzrvclojcvwnnslnoeecikvrbp,Pink
446,xustmvgphcthettayowbgewsrmfvpeof,Black
447,sgpnimnowqknnkltslfmhfkmilnskrpb,White
448,cvbegzxwifpvtfbrurrssnffqsjxvvcw,White
449,jmniqcjqgxuqunapkqhbpvpybrykaumb,Orange
450,qqvdqdwwiytfmhqkbxkwgfwkexkchxbn,Blue
451,ffpaibegkhfjvzviredqrmyyblsiuavr,Yellow
452,fiwhzabwbbtlzojguchazdaqwqtckqrt,Black
453,fjfipitnjvtlcynmefcyudncyqyjilim,Orange
454,jyjbzndfypuhnsddqmcqyqttxcqxjsqf,Blue
455,piziqmarumqtdisaygwpievuuydnesad,White
456,mzqkbjvxsshwcfqajxydijlddqwiofbw,Gray
457,yzojcgedsuliggpznplffsbupwmwohvj,White
458,jehgkzxjsbykquugfpaootkfwvywsppf,Black
459,lxmptddeatxuhfqvbqjdsufhlcpztbos,White
460,cfnmgkesilcphcgwknzddfhtimdsvxxr,Orange
461,xdzmazbdamjkmsqyfpcalxetmgjspfyt,Blue
462,dtjdhuimmulznbxwsllscrcyjlmqvqvy,Blue
463,kmuwqrebktiofqzprdhyrhflkrylqxgi,Gray
464,vqkibyvuwvyrhpyssadllxoeouemolog,Pink
465,nrewshwjtxeuzpuwigduooutumeqcuot,White
466,rlkjihudhxfmnfphdpxywvwbasgtfakf,Orange
467,ufhpschavzuhkxlnnperuskqeiniufqy,Orange
468,frecndulpxucnfficdntipdbxzslknyl,Blue
469,hbukuduiepltjsymroiqqclxqbpnhjmt,Black
470,vycbictngswsogggayihhkcntfrhccly,White
471,btdflbgwysdztnttuptrqlbclgoqpizj,Yellow
472,wiwoashggqqonhxnqauwbtruamepzrvu,Black
473,qfnotptxxtmnsvwoaswduetbbavcrmlg,Pink
474,eutglntdisrdlssozlfarqpjrwyykrjx,Yellow
475,imalhnqzungftipragtxzqmtzjvhxkbo,Orange
476,strezvkqfmkgtbbcptexfsdnwxldhtup,Orange
477,svatwwyykerkybutojfuwakuakqybsxy,Gray
478,lqnoletqkqwzbrheeqwwlgflkbzhdyqi,Gray
479,vlezboyozfgcgentqjepeacgjvzzueug,Orange
480,zdxsdbyttnznodgmrhykjtiftzmovosy,Orange
481,tpgfnamgyvhrihhouiyknayxvdynwytl,Yellow
482,zvpgjktcwwnewvucaejsfmvydoqrvifm,Gray
483,igsulaulfkupxmhgborzitshkmlxqlyb,White
484,oyclmzicfpsrdkhwwflcdwfzgdadfbzk,Blue
485,abqvmbnqgzshevvjhmtowofcrmcqshqe,Yellow
486,tlbjqwhwosvkfumojsivfnxdvmycrkvm,Orange
487,fzrlvmdyumpocfpwhennvmxmokjyguki,Pink
488,uqnyhrthayfdsajylhnnddzdrqfllmhx,Gray
489,aroeephczelonfnrwheahkcfbbdojvid,Gray
490,giixccvkrceltxylyelpzsdlqsgaiwwh,Black
491,bdrtcuceqhryvjjcgmhxzxzzdumuykdq,Blue
492,wnfcweqoumyoguuzqkakkxuygubxngvi,Orange
493,lxgljnijvvanbteyaufzgpmexpaycakr,Orange
494,atyewxdxbjjdnsandkeysypmejpgzvpx,Blue
495,eqpgjquwikfspskvuwmnjcztlooysyzo,Orange
496,rzkgqvrjewsiingqocgjjendatagxsxk,Yellow
497,ixlhnqysyxlzggtszgvwvmexpinquoug,Pink
498,brtloxmjqdkfuumzyfyajhljdhisyxhf,Pink
499,gvxmdqqqqnznpsiiwgukuxhhvdydwrpy,Yellow
500,hpdrfqwqnzxcdvcahpywczfthwacqtoa,Yellow
501,sxaevmabrodokjptdprmytjeqcotgtri,Yellow
502,hdpcrfzdcvcytgoprkumifaetmchwbks,Pink
503,dmvlmbklrcvsfnlgaghybtymsurcdpri,Yellow
504,ooisskoqhadgomxnqcoztgehecojguys,Black
505,wxwzikectfmylturnsummqtcqbynvdjz,White
506,ckbvpmqmczomwvemwnbluxkqmnjzewxy,Gray
507,hwlnbkqdsxklvrdynzjublywvfytjviu,Black
508,niwlquvjgsoxdklghshmzoepnzgcbsdz,Gray
509,xhxbyrylvxhwffytsxspfspenbzmpxle,Orange
510,ftsumhtcyfygxkhfiypbrerptxylyngn,Pink
511,ihhscpxcyhcvsxwqoatxxqkxbvtucbte,Orange
512,dbhzddydzyjaeecwuymzvfwlkzafjebj,Pink
513,piiowfodonnjihiemxfwdvwlsjqudtko,Pink
514,ueviapdkftveawaxrknsmuraevmrijjd,Gray
515,nkbdhaygqexlbpqgurgjfuvlwdrutucm,Yellow
516,tibgxyirgoyhljjrcxhlbdbrrxztmpad,Orange
517,apmkasatiqhuxkkywyyqpfedcigrousb,Orange
518,wwxbcjgtrddrzlmhvdntfucodwsgfhnr,Blue
519,rsnihobpqomgiwbggrxumpyesrzemgcq,Gray
520,calxllpneedvjkdbvsczwabiblppohqz,Blue
521,gdawkduqdlgsnuaumgfweteuslvyevpm,Blue
522,lyrqkztbgubokhegsrsqopfsjjwbvmpo,Yellow
523,jdwhxhroigfbqaeqldtvwxjiyzpzqrbv,Gray
524,xfstovthfrwzcnjegphjxxcsapopzrzy,Black
525,avnmzkvggazblldubdkyntlixqtsxpde,Blue
526,ttysakjdbihgbdkzewpzjmmkzlzbsuub,Orange
527,lyghkeggvbzlaffhvojrmolusxhwbcjd,Black
528,qgfwnwhrgozonbbyfdfmcxshfxnmmmwb,Gray
529,ozhqhhcglmooedyghkflcsjvigfgzgri,Yellow
530,avysszymlezshnifevuecofmmlejsygo,Black
531,omuspuzssflcbtynmfqdnhiqrlrjvhdv,Gray
532,tczykggkrbrtqpffyzvgawyjbucakjhg,White
533,rydlzdyblikwsldewuoyqqtspfqnekdu,Blue
534,niuspvibwoscwgmkagqpuorekcuoxcfd,Blue
535,ntsgombxhwqqbravksbaunmlaicvwtzo,Pink
536,axbebnowgdfdploumnujjvpcibvepuez,Pink
537,lcxqgvegejfttsqydsmwctabbizslrzo,Gray
538,eudjyfbdefoiuzkjobxgxanztwitfxkb,Blue
539,ulzueobomblvaajjajzsluptwjqgkcle,Yellow
540,xminnohzleiiefbbcnmonvhiexswqekm,Orange
541,xuxmaofboupmdegskgjtsohmmreoxkxk,Blue
542,glvyzrbzjtnzzcgbtpaohxelfxghffre,Black
543,vfdqhzilxenxchhnbizituhpbtarfrxj,Pink
544,esiffesssmabkmufbvgxwvnztfqxilxs,Gray
545,qnusrpridsbxlfwybwqpotvzxtpbkxkl,Blue
546,vjrcvsrgwuxwaqyxrcuqmkmevwvpuhwk,Blue
547,ghjgwlrlrpnyxsjrecoyulxbuvbyjbva,Pink
548,wkuabzwyqgcytajhguicqdmwcelxzaam,Yellow
549,knqtxrqksgmzloczkqhnooizkcgnfmyr,Yellow
550,jquactdhfcrkjadaplzzhpqxwygwripr,Blue
551,bbqmmpsdqrtijyayzmcaowdvrrjloskb,Yellow
552,gamrulbkdzgjgdvzrzehyouwhhyzrxsu,Black
553,jqozbsvwnmymnsdpwybxehctjeniaqsy,Gray
554,gdpdqhwuacxnjzlqsqdwlvnteqetxzni,White
555,fiegrbwolsxoqrvsmhxvgbtbqrwmscux,Blue
556,rsndftxwqurzftezgeyqcngywihrhmhr,Gray
557,pguajmryqxosebthqngkynziqgmbqyim,Pink
558,ebiftcavltecxbxbyyzzgjkbvzedrmcw,Black
559,tmxlocpgewpchfhmivbtfqdbjspvjkpv,White
560,tyvxfhkkgfsvwjukmhnearbpjqrofaow,Yellow
561,bnylxxzcqqvmvfeizjkveggajdzaotht,Orange
562,meqngqnbobnigdofikfdpxacngftymms,Yellow
563,bhquttudzgpkxyozrbfodkapydmrzwwf,Yellow
564,beuhmpvouqamuaqnozcnsjfygezgfupc,White
565,wrxwjfvayrmcflimfpaprubrypbrherw,Black
566,abcfzqhxtjxwaofpposcsagxelsfvkme,Gray
567,skdhcrulinabjunnmljscipptlpreuyx,White
568,kapvrpmkutbvectodjeivikcktmciupf,Black
569,fgubbulufrywlywxwcfiaxwvfnzerrrv,Orange
570,gxjikwoumhvooawrxseunrvhahobqnfd,Gray
571,igrmfzzmzhxcqjphwwngmliiglfjcitw,Pink
572,jviajjxtaomzgnstrjejfpznuifkinnd,Pink
573,rqzktsvzbwimtrouwxhowhjndkayljhh,Yellow
574,xuqqghmzfcmcidylxuksrmcbtsvttdxe,Yellow
575,sooojhhcbzsspuxkipmleaisyjkbiwhd,Blue
576,qsxdzzzrsqjnfvjvlklogjfazggawxtl,Orange
577,strqddvcrjyobupjugxxuijtzogctcdg,Orange
578,xupcyvskuoqckeqypaxasovkxbrvdrvu,Gray
579,bfgpverbflmsqjzbvymwmjdbdqhihept,Gray
580,dsblnlimbzhcxqwbvgdyjdaqfcvtlhzs,Black
581,bjrlhtsrnoqollvkgnhslnuukkozwfjy,Pink
582,dvscqbdlvzuhwqyhololveslkywzjtpe,Blue
583,mardkqgydgjwigkzmaicjkittqussmss,Blue
584,qpvopxylkgphvkqthdvhhwvslgwmauoy,Gray
585,awkatcceskuehvfjdailvqrpwwgouuvn,White
586,xmijzrzxyybktdzhmezxqbptkogffsdk,Black
587,wlpsmgmctxluefuohhhppvqktnhiihly,Pink
588,cggwxiuxzdqmbysjdobsxilggetwajxi,Black
589,lpexwkaxrelxzkemztlelrdetjgetioj,White
590,yurfnkjrnpydwslufswutxnkgwzfrlec,White
591,medjsfyqpvtxlnylmooksrjnqhcynfcc,Black
592,kgoutcfpdtztulqxcvecfkvvplasqzpd,Orange
593,zldhdrhybejhunvueowptypdgtqfihnk,Yellow
594,idoslbtdeiamhuqcoutogcwerfibhghz,Orange
595,viqdudgfwzbjguvhuvqctnlgdbzwefje,Pink
596,muqevgbxoltjnsuawzxwsuhzlxomymdn,White
597,gsffovpckwzskpdqubnmdabduddstbby,Yellow
598,exkowrosggtqigdgrotyyxbulcaicdok,White
599,hrpsgyefgbbkksveqlfqvqkzukesrypz,Orange
600,ismozgjweybbxsfnamzibmfgiqcjthhx,Black
601,burwcycotvnsjixuxqcuwazmlibpkqmc,White
602,gxlvrtuodhwspsrviynunsxggdwhvcuw,Orange
603,mveywurcqsdpaukqpgbvionaaxofkjqc,Gray
604,tvkcpuofrgzzskkjbnbhtcdlmkzmiwak,Pink
605,qvpzxhvrzoobirbrttxjnxscygaawgsi,White
606,gpbpmxcdqyiospfpshliopgtpyrrkzwl,Orange
607,lotvoudqprawomvkogzriahifecryyvh,Orange
608,holfpbavhynadwwdpikkbatftfplazwd,Yellow
609,tkaxtxuqdqmkqafvuxsucjbdvphqxpwe,White
610,atmtyhqzokyuiamudeyupbskvqddvbbp,Pink
611,jfqaewupxroryrolcjoxzowjyzlmkbds,Pink
612,kbofrcmbljymudppcgwquksnynzerpvj,Blue
613,lfwibxpzgztyitlksveeghfjngsvlzvu,Black
614,jsajbmoiieohruvechivvtxwtqstbwbr,Gray
615,wlyhipusmfxpklrpdnkygjzairyjrzqb,Yellow
616,eztxebwvcyhvsobormfxuphqkydzrqtx,Yellow
617,vhbvxcrtctszsailofoyqovdkjikvjzf,Gray
618,ffbdkceffqvavzhjllifotwaoggvrrdy,Orange
619,gzrfnmpldrbalxwlfaivgluxexsctxmw,Orange
620,dmfizyvlwugtqgpsbkzhtbldshbkkqqc,Pink
621,mwulxwxjnkgudxotjfdqhebhetnfisyi,White
622,gpvnquywwujieavafxanbexvhdgcqntl,White
623,gribbsewymezozfimbrzxwwnsvybwuby,Gray
624,cuafbphzjutbqennaaezmzurymhqtwug,Gray
625,wesllhwbzuiwmmeyorqywzlrjxavsyxr,Gray
626,tdtvyzbmhfdzkkknckmofzwohizkndwp,Orange
627,hcetebflkmeabdsnlspgzcjoztjksypr,Blue
628,ipmakrvaehuzbaxusdldgnznlmhcbrco,Yellow
629,togfcghqdiafuffpqsovujlshihpqusk,Orange
630,exzgtkswndcupkuovxjoagesqchopptv,Orange
631,igvruwwvbjfvpjijwqgchqkltcbtxyfd,Yellow
632,fsyoeozuxyjvqjbvxxthnmdsloxzoqmg,Black
633,inydhjwfiwclrxaxphitibgtizoroofm,Black
634,oxwragsabugsbxwbcfuadibarfrivvoz,Yellow
635,vskfvokrsddjnxsuvoggbmkisofehrum,Yellow
636,jqixeupmgawibygdfdgtwxopqzmrkzyp,Pink
637,kjelcbszytwirmidjpofilwfmltpchhk,Yellow
638,ucksxfppgvcvhcwsimdbaviykxwbtqlb,Yellow
639,xcyucfcbwpaohiaimihsavslkqrnjffa,Black
640,myicmyemgloipihlndxgkryioqkcwvlr,Blue
641,cpuoegqnrlflhdjyfzestorgohxlqrga,Gray
642,yqcuudzbocmsmhwbqwpbyccvdbftrnxr,Black
643,nnkzkcvjvfvpzjcuyfynsenxikyezvek,Orange
644,jpajjnulrnbwnjsdmpjsoxvxkjkbjacq,Orange
645,ncsjuyaoysufnyitnsstwanttrphhgmv,Blue
646,tywuozajvctuxdtvdvnrquzjkybfzroc,Yellow
647,gtptqamxgiktmknnohsmgxhtlatedrdt,White
648,wuwrjzxtowpamumvqgxcgtditbvvozay,Gray
649,fvhlqbjlvrvupfqhbcgquqhxnrpevsko,Blue
650,rcsiwpnichogeglvzytxweacuoeccbzg,Pink
651,ibjlvjoitwullftmfkmnknrrhbkvxtci,White
652,ddhqeiblhztikrexflinviepxwwattvv,Black
653,bymllsicakbbrgxtvikgnwenctoazmmu,White
654,andjlepolysruurcfeppjoawrzoysrpl,Pink
655,otgizyemmvbptgsuthdpgwsgnkonirnd,White
656,xgnducokskqwpwjanlgbrqucvlaapqja,Yellow
657,nfjpieeygoyhngvpqbhncvwwifarhrro,Pink
658,lrryepvuxfebxadkkitsrioxixrwkhqk,Black
659,qkyvwyeoifqhcixewzpvrutwwzsymsbc,Pink
660,fhvhqhqmkierhqywreosnrllmuyftsgr,Orange
661,srilelxrlqwcsgnrfwhaxwbprzlokjji,Pink
662,jvinxhrskpqoelrwalbqmuqmhaombzog,Orange
663,aiqvdelnwsskpehurnhvhhnomsxainon,Pink
664,ixtcamiqonbaljdziwvwpekvfoekmjiy,Gray
665,dvadvjfjiapqgmjhgyiayletqnesvywn,Gray
666,kpeaitvvckcfwwcrpvfrtjrmyrtibntu,Black
667,vmlzxaehlspnzoswladvyhmxirhlwrtm,Yellow
668,isadjfeeakwamfztktvvdgozoxboedvp,Gray
669,grmzofqypmcjlcqmalbgexnvhvrnvezn,White
670,qfnlkxxdwxkanixuniryxktbfmaexerr,White
671,rjdamwwbdekbucjaxsbkrcepnwrzgepl,Blue
672,kioxhgbsrvehnckfwnpvfqjajyycjjhp,Orange
673,nkdfecfmtfpxqpsiycktyrfcyhkdkpqr,Gray
674,qjaznxluwuwfgoaxtypbdzrnnpjuyffa,Orange
675,ovgsvslaxhsxdmonfmpybwyuolbnjful,White
676,plmdgtawosudwnmzwfyfzhwibsllvvos,Orange
677,khyyzbzqwekhlchikgvlfjwpwtatzlux,Black
678,otqksrcfqjezhohrcyawfmhtgfgiuskk,Orange
679,lrfyrzjeegizxmiukhmddggzxympkghz,White
680,wlitqcoerllxmuqfuesawfhzscoaesqj,Gray
681,eamsrdhisgnprpdjiljscaixhnsoujwx,Black
682,izzpjefllssibfincejzgsqocneecmet,White
683,ddzcpjpgfmrqdxuxbtfmhokqlnmrlrjt,Black
684,ayqwbioupbdjvsrjfuoosucjvfpdustp,Blue
685,tydwxivwkfhmouapbvdzhwgxfciesrlo,White
686,snmdlwwymbpviqjwgsusztmlhslxvsly,White
687,fbbyjgiexopaoxysglbsrzpwuktmkrvo,Blue
688,faqgcpjkzjedayylzvdsoszmatkruvgr,Black
689,gozdyrnrkqpgegdmdxzusyqkjbqcwnpt,Yellow
690,akrgdsuhjtrhuqpevsrafygqlnwwzkql,Yellow
691,cwfxunsbcwrxggkobdobuokeexzpvfet,White
692,kkkzqnhfcketgrugbsekfvqyxnyjdenu,White
693,elbrczxtwsiybchdyabzyhqvvirjclix,Orange
694,vwxourtexzbzbbocyrievkmgonynhtpv,Gray
695,zajwbwkndqqtbyhzdptjzkrlugtgttsg,Orange
696,esbuxfdcbdssmwkzsjqwihmvimijjenl,Black
697,lulnbbturjpzrlxuzdftksitilcqwvur,Yellow
698,sprjegkpobcxrcxubdkqzxqyearuakqq,Black
699,uovmbfoqmawrbvjdzqtdglnmorlxfuly,Gray
700,cjznxxhakhenndunsnbyurnmrfqtayny,Blue
701,jfbqgimcyxeajufjvyrbbslwnptvldys,Yellow
702,uhfsditofbnsumpvgkrkrjbbfxeowsdm,Pink
703,zgavixinuwbkiohmhxalbepgesogatqr,Blue
704,owtnyczzughgsyuhschkkftstskxuhwq,Black
705,jywiyngkjowhroraypbrgqonhdqajhuk,Yellow
706,pejaslotgptpioxyaskhsuisrwnmvzkl,Pink
707,oyfdwscqkiqilqbdokixnwfjqqtklqmo,Pink
708,azocbzcvcnazkbzvarxskmzvtihhbjcp,Black
709,kackwcjjpgsxsdalductvnkbiehzvslj,Gray
710,jzhrfhmyfkpdawkykuyhpbcyituvlech,Orange
711,rdeybjzfjoednfrpkecvqjjjoznnqvjx,Yellow
712,rfiwijafkcoukmkfckewgxvnmsgkxotj,Orange
713,whzyvmsppvelaldehagtyfejrytjeors,Black
714,opkysljqtvswvfcbfpgxbllrqolcoqbu,Orange
715,jreqypvetcuzxrunervxcdyamdejlvbe,Pink
716,nxxtqtokgwcnxwjjkmqswrkfmzlfcyiy,White
717,fizkyehpvjrwnyopxefwnodkskmnfkdm,Yellow
718,euwqiyuvazisrczewtshixhivhgsueft,White
719,bxrkbtsmqfkwablwjpdgedvefkibcuvf,White
720,pekqzbtjtpbloiqwyallmkdgjgizuten,Black
721,smsfkgzjgjboqcylaeyoiebjlzktffno,Pink
722,yeszpolkiwnfcbmqcrjjtqekjmkioodq,Yellow
723,ilvmpjgepidzhwgvrltpsirodobowyff,Orange
724,vtmglipapbntrjjwazojudtwxsahcedo,Pink
725,funllvslgaebilkchykvjvxgttcwtpjz,Orange
726,thhndlzzowdarfwviglkjbtdyitvwjlj,Gray
727,kceinexmubjjbsrnjppmnwmqfniawzmm,Black
728,xsgryvuuskmxevaaumtunqhqodcigzlw,Pink
729,wvasvxopvelnjdcxzihqppxeaabjjqhc,Orange
730,eugdgmtwaqszdxpyawvlhbofofuafmqj,Blue
731,lfoarinnckqfctobhlzcscwhzarkeqdm,Pink
732,mkexjbhawqsvfcuvddcgbleosofwjkar,White
733,prrryjbjgfrigvbsmuelwhhukhpiptqi,Pink
734,txwdsbpddgdfnibulhbzhpcgnlvlijoq,Orange
735,lhxaiwtioyzoctwafzcnjnerrourkzma,Black
736,rmuwvvybuwllyruxrwkagtahszdhybkt,Pink
737,ekiqcumfwnztttkswrpyuizydbxaokep,Pink
738,jzewierbrxdpuxjcdvpuldskdkztoxvg,Pink
739,dygddctdvdlbxphdqzcwcegtydtorxvv,Pink
740,klgsofimdzguniaerpnrmeayukbcuwpv,Blue
741,mhmuagpiufsmthfvbnghwnajmwybwwdw,White
742,uclmsvrrurskryrillleaxwmflvjfdli,Black
743,qgeoyhligdbgbangojkavhcsjwyyjxwc,Black
744,wbxogbhpcaldhrpcbnyhluaxpmjpdnko,Gray
745,uuejbxelunuptqtqdfpphzlokrqmognm,White
746,cvxajgefzrpncbwqhquuuszjgtainpcs,Gray
747,ixylgfvdctfnmwkjquwacdhgsymebbau,Blue
748,sbipnlnyxstczvynnutrixeqiyksavzb,Orange
749,rbqrohvadxfczvwcuegwvdbulycsmzxd,White
750,xqohzergrknyldmsmkjqzmfkhgefhbil,Black
751,qitvwqvmixbslyomjpqgxxwrwyibcbmn,Blue
752,emahdsznxekusdekhcznbsbeqkrvzhcn,Gray
753,syerfxntrazacovcgrqajhhsegrimivd,Yellow
754,hxhcptdwmfouudvgkflcjyljliuxpqss,Yellow
755,mvniowdewjyotkkxnzxopfymucixppwn,Blue
756,tvnhsekugfjhbrhzxfmdlwqhnwklhseh,Blue
757,tyjsnumyicoznladmmeiiawedjfqwsyj,Gray
758,jxtemfdruqhhpeljqsdmbuuclorgyybb,Gray
759,wjtzuzsxsplcgdraymifhohdtitdgdrm,Gray
760,bakcpgmocrscmklhvilxjokuwopuptzk,Orange
761,afqqrvzacbzabvbxewsgdeljagbtnzch,Pink
762,oftzfnfpkqqvqhxlbrenmgqghyjoebts,Blue
763,txinyxzrifitbganvsrszzeusxtkzyal,Black
764,gykhlorffycuutguoccfxrvotftqnokp,Pink
765,htxvqzcgqpfexpxoqzorjrfueipkfxxy,Gray
766,lefckspnnoiulljfllzrkcmmffnjbkxb,Gray
767,vcclbltytkellagokruyjhfczklldldw,White
768,posekjtwqjhscvgscowrcfhisfopylfl,White
769,kbqhggkpdnnuvvyypnpkaiztwyamgghb,Gray
770,ffcjqhkcdscheqcemvyribuittsyryrs,Blue
771,eunxxdjblnczzjppoanayuvkdyokydvf,Gray
772,gugjvrptzlfyppswcblypdrpptlwhcnm,Blue
773,ridgjgsaqslegujcgshrozjbxwhhoswp,Black
774,ujimvxcuquddtwddwmepyjunlcxsykyj,Pink
775,tialqzgtnltiixjtajiccmgghihbvsqi,Pink
776,nqmzgigsgcmrcocxcygouurfmexlobja,White
777,ycdjacdkzxxigvcegponnemynttumfll,Yellow
778,ogbxcdvykzrcxczzqlwjfzbgujtoycgy,Pink
779,utqqrlhdwkkunrjhonopfdnvkfahoity,Pink
780,wpuzbuafamybgaobrftyqgyupgybhtrt,Black
781,ytbvghfyprwdtkstmpntomqumciltuhr,Pink
782,sqwplvagnlwbdkqikijhvnlbygaaynva,Blue
783,nkfwojbdiirkxdtgrvtgitecsvqddgfd,Yellow
784,fjkmzjahxxvcpyrrktvhroqwjefszgjc,Yellow
785,uspbhuzcyhgnsqokxclaxrpyflyexzyw,Pink
786,bhnxuribivgvgcsvrcgjsaqwcbzrkpuu,Orange
787,cmecnswbavmpvnsbpqhjdtmgpnzzviyb,Blue
788,xlmfgdeqbiwudjnjdzmvbgatoafpgtzp,Orange
789,ohxwimplqeqwxoeqsalnfbertmylimyi,White
790,oxlrqcluwozsfreflpuogwnstyfsnnyv,Blue
791,zufhbmgccgvsclcoidcjzpubgosqdzod,Pink
792,ondrblocrgnmbmedhtmamzrqskiqpfji,Orange
793,kqeubrnycoydyjzimiyyvmudellpecff,Blue
794,zdscfhrgcrtipfarreyviktnclldyaou,Blue
795,mxqdchtveltbofcudwvnpwcsiceqaksx,Gray
796,kmnpjtmeskaxmavzhddmdvhenitqjwli,Black
797,ejexlzpambxfqhbxsxwlumpyzwuhacak,Pink
798,jmxqnqhiungnziryivtctzfghbrqewdt,Pink
799,qbemycrxcsrntlxfjjkyzgnejzvbisnh,Pink
800,gdducdqxdjxbiweyqgppetdunjtnawer,Yellow
801,vxzjmnmswvinveuvtwggjvrrmvwbyjkx,Yellow
802,fzbejhcnupuurjuxuwarwjjyjmzqjbqf,Yellow
803,ryvhhyrfnpagfhfdtnarcmeoknxiwkom,White
804,webrtqnwvrwdadhptdlkjdhteihrzflq,Gray
805,vennqgigjssalqndlvjqnwrzullpldss,Orange
806,mrissgipgjwqdqqtdvaafqnkalwdpwfp,White
807,aivneqbsktndcmqxovimthvgmawnrfai,Black
808,owsditmeqscmjichcjrznogoyogrgjkm,Black
809,uxfvajzrphqgceltbmxytdcsrlnpjxfa,Orange
810,xlfuqfwkoshztiilzjkflmlgyixegpwk,Gray
811,ueyufnswggtwppjuvdgfihfwgadunsdj,Gray
812,basbkfreyqootgkihtqychgnqjhqezwz,Orange
813,rdeblaskjfofiismaweawkqpirmdjtdo,Orange
814,xobzsamjaqotduuyhpxlrmprohridfni,Black
815,whabwpzvdqurgcrvcjfopoqkgrusxhoc,Yellow
816,pzfgglapjsgznbrbjhmmddfhtpirxflj,Black
817,arnpxplffvikxkyyaneqjszuvyhobndr,White
818,vlxsigacxqdjosmvfiawmuraixklwyuu,White
819,akryvxzsyokppusbbevawcwxkezyozoz,Orange
820,gxnjfiuwglnbsjldgeyzdfzirvgemqwd,Orange
821,hvnucnwtdqqtnqbnwkckviypznjeihki,Black
822,jvhetabjthaqdrchrulcbzaczzyedegs,Blue
823,aafiyybdlfzkgtigmvilkjuetwtzpysm,White
824,lqtfjyogbjeibwgblbtotsyesiccuzzr,Orange
825,iwsjjpixpazttbzqkqtqweoluanatyoe,Yellow
826,bcxhfnbjhhfckqrjsjwdnzmtguztofju,White
827,kyyzsyxxaarvwfbfjvoechlkvdgipjld,Gray
828,rvscdaidfnwkkjgshgmegovvxmkcslax,Gray
829,kpshmkskthforgbeablpddotkubdtjcu,Yellow
830,euhclsgwsjyjqngefaedrgpphqhxcsop,Orange
831,trwogtchrlkykxsjoqwxqmaiqyusjecw,White
832,rgzztddldyahjtuvrfcvbysobviitlzy,Yellow
833,fvlfcpebhuxfdoifrrwljjmqpzkpisct,White
834,gjoatynupcnqpnmodvuiuvctsbftjwxb,Orange
835,prkigxcpfneqbdjalmhdrkruckodvomw,Orange
836,dyhnoummekrtijuuwncgockgnghlmnbc,Black
837,cetidhfshmapmbdljmpifummicmhpcyz,Gray
838,quztgkjlkjeuodrdnnxggzwhdkyjtlam,Orange
839,vjdmqpuiygolxeoolnxpystwkqwouizr,White
840,mjnwrkpceqriqzryyrkabiusfznmsmqw,Black
841,wvfcextyqsdsolhgzugiaiezgiffrogr,Blue
842,mwszbuiruqewdyaifdfcwpddfggywrka,Orange
843,kndjsqcgpyygsjeqczcckjrcyujmfeth,Yellow
844,khbsbpxjwytrqsrowsjwggnriucqzlhd,Pink
845,vrroytimgqybuikcceusgtocvwyekkmc,White
846,cfajoadtbjkpdqufuewuykdfcuywoczk,Yellow
847,sjnqxxazgssdmmyufhjrcydpysqeypkk,Gray
848,hahhmgrklihkmwvrdmodqbnoqogfcpla,Pink
849,wqkxtstuzmfeamvogfbomujecglwbycz,Blue
850,rnyzyoimguogfdinzqapqiggndxuftwa,Pink
851,gkkaswqndaxlifhedjkakaiwigileegq,Yellow
852,dmzydwakgfgmrncorvrfqmvvjtbkjypr,Blue
853,tkjqpfmhdkzpzjgtvnmkdgexwgoycpgj,Pink
854,hpqjenyoadsrvrofqubtuiotgbjleows,Blue
855,hermixuneqvtdruqcveyeaqjqohfrcqr,White
856,zasyngilqzgsajhhrhmkovhbvluymxzj,Yellow
857,xxurqufitxbcncdniqerkmilrwabrcjh,Gray
858,kvxxvslwajdmgmggdryansltqicklbky,Blue
859,sngglauegpyxeftnadqoflwatiuqivyt,White
860,rpepexgmvaisfhkzhjwnxxlwudabaopf,White
861,amofbobdiqhqaxrqcyyjogpbnxottzle,Pink
862,mdvjaiklwbqbfwgymqoedoiulcyxwmfg,Black
863,lsmlnppcylcxucibquvikhruapaadyjc,Yellow
864,pkgpmudspopvfadqoejbmoioanvshjfi,Black
865,ziakgxesmxmhnbnqzbwuobqmlxupjjwo,White
866,lexgxrqvvsbuvnyutmutajemlkgciati,Pink
867,zviihqjgecmnnnivbiklobjkqudlerqy,Orange
868,vgicasjvykzjnmzkekbwyirvgbtktppx,Yellow
869,ljtjqlqmvtzhzumfnideoyoeqoeqylez,Black
870,tlyaacqhbiyqtgqyojayiyxgerpyrvtd,White
871,crrevwweikvzabdexhsuiesuajklmorn,Yellow
872,rcebudgcajhhebnzwypunyjctuizkaar,Black
873,cajwkfdbicbpolnxptpprqthbyenloyd,Yellow
874,ydrgddbnrfawrvlcwyzwemgchoqrcthr,White
875,knjylfoggigtepwmbycydbuqpcyqzjvn,Gray
876,vnkdadfcftdbdqiclhzowasjkcqnhygi,Black
877,amdwjttulqsuchttuyktuyamfbwnmsrb,Yellow
878,xxdacfrshvumvscdydkvmbwcoacmaffg,Gray
879,luxapndlgwwnaklkjjspsiszkffxxehx,White
880,plwahgnuaxuwjesfmspskmnesdrcacsu,Blue
881,hiltjyfbnedgrorrlyzmesgucvgfsyld,Yellow
882,lnjawarbyyrsjssdhoxldgdlywtntzpp,Yellow
883,qsvfidrvtxmwswualxhadphkosefmyln,Yellow
884,lthhugmljnjgkkcwfxieuntvhedcekrp,White
885,otfzkwtvojllevyvlvwshetsphjxsjva,Gray
886,rglstelptxhztwzjviltkhrjezjzjovj,Orange
887,yrdymbbchgehbrmvokgyrhmczgxbscmd,Blue
888,ledzbefrnaxfvahuqltqdyzctgcfgftr,Gray
889,bunfghgszilqhyaruarehbhebepkdbdn,Black
890,qejbagfdzklnzxrifiohuwyskdwqhrwb,White
891,muzfhunasfersdllteulttqyzbesfiok,Gray
892,ifmbpajjqtpknwseuramcxcogwsafwia,Orange
893,ujfkgtdpglkoowhckduvwptafxjagusv,Blue
894,fqgkeizjuiwpnjjacgwaazviqhcrzkpp,Gray
895,dgmaszuadeeslbedqlrembmsmlcnhouk,Pink
896,ivcdmbaiukwwgmtrkkytvccihirahcie,Yellow
897,uvghjczppdodiqpxzoyrslqxuadqptql,White
898,issbjgosygwcrslgxnpfnwtnmgczqnsg,Gray
899,htozufdunkqhoucfxgthsfmrljijlllh,Blue
900,rcfxfgifusbeckaopugogpubnjfsfsld,Pink
901,hxmxnknqnoleukhribekvsmmijfhbnas,Black
902,opwvvevnmmlsrtwhghusvrfqjrtstnca,White
903,nihwdhabumouwliuvtuprxpzlstgukhh,White
904,yslzdywtfikoslpxrsjrwkrytbuzlxpl,White
905,wukkzjrysqgztyivqpltwdbdapqmxjkm,Black
906,kwbsynqtnxhywmrrromggcenlmdqxthn,Orange
907,qeyucgurflbsickpnyddhoviawgtrcgo,Gray
908,nwcxrjurneamqkufekzcubgnwkkvgdsi,Gray
909,tdsxfdcylzxrytxlmamybbnxbdnllgab,White
910,zmndvkzndwbalmeajspvsuqifnzbnvrp,Gray
911,cjcawzliztdlvxkplgxgxfbdkxzzmqnq,Pink
912,zgtfoyvhwbtiaeibmkurjmkvkgnmhsga,Gray
913,xhegbqshrffvtwtizbqhunccpmoybymx,Pink
914,phnninmzqkgmaoyarylyoiozwayicpyv,White
915,sipknnhrqeimarpezvnajwbyhluysmrw,White
916,wallpbtmaissqibehiydqighcuivmnut,Blue
917,zgmmnczlofncwrqccihcphhymislhdpq,White
918,ejcwjskkipptwjajkzpkfxbczpyujvne,Gray
919,mcxtsyqpxwayjajhbmafnegkgryfdktr,Pink
920,baiiihifexboiuizeslzaemmrjchbmdk,Pink
921,phmbmtrtlfpxymixlygwiklvbmbigane,Pink
922,lgldxiwfmhpofookvrgjvfmegjnfdeyc,Black
923,jnhslnovnasgbtrkpnsqhweqamntapkt,Orange
924,nnmkydpkbtofwdbqcgohiidekycqhchk,Blue
925,cpitgdgtpslinqnbjsyyyfdgvhwemgnm,Orange
926,nnhtptbewpwfhxcguafouamtmuyvepuf,Yellow
927,kshtfxrbkklazwbeiyrjkgrucyuwpvtw,White
928,ajvnzxdysssmlthyiuaiadhibnjisgns,Yellow
929,ismefetzbujcsuicwxmmenzbsyaufovq,Gray
930,xcpktkglgrqmhjaeihecvsroblfeafxr,Pink
931,dncbheuajhtnbacilblhfywanvigxhfo,Pink
932,ugxmleeapoqphukjmkoabwfeospcmssl,Orange
933,xuuexlsybingvlslluyfrxyowzthwsnx,White
934,hwjiilahfcvjomlsdchitljcqyqmfmte,White
935,pghlwhmzcwmjbdfkascsymlbejqznmhe,Black
936,heokcbymshwcbwtjgtwmegsuovcprzpg,Blue
937,allncrbimfzomxlzghxezhorigzikucg,Blue
938,mebqacbjbakshviilulydehyqmuodufp,Gray
939,azdmmznegkgebtbxhxzfczoxgdcoinbp,Gray
940,yjlnqwkqbpjqlbqrxqjmuhuspqtlexqi,Gray
941,qulblubwbdmeenlbyomkcobxoplafpgz,White
942,mabbhbfupopolgkobyyncjyquhnvrgdx,Blue
943,ectqjeqzzdqcthjaoamuhmdxxhntwsys,Orange
944,zbkpbvxudxfsxfmurbeygowmhguulwdp,Black
945,lqbcwgyyxsgzhhuetfbegonjpaltyoor,Gray
946,dgxbwtmhjcxzessjcccibarylsxuakcb,Pink
947,jlhlerpkkzltllhlltnbtpiyxcqaltua,Blue
948,qihnhnwmhrcfdaliixhaetrgptoasfst,Orange
949,prpdcuviznbqmoxcegckldrpngbildyx,Pink
950,vqdjnwlqmlzbverxljbcuwaxnkxwwopr,Blue
951,wfwrvufjeaqcegtsxkvajmvutyvvpgaf,Black
952,tkfmmxtzgzsvrrocuufmhiwhrilmrkrh,Gray
953,nzlvvuzlnfejwpqnuzivtvjmhptoarqv,Orange
954,cfhbtyqkowioxstemchhmbspghsvaukq,Orange
955,aanirniamyuruszxfmjjjclxlvzdnihp,Yellow
956,gxgwtqrkaqfkoocpbkikrwfqroatostx,Pink
957,ymagiiftuqmpgtwwwhlfzhmzqtgzmddr,White
958,ncwxoljknsuvseydcabzpfhxawtlmiqd,Black
959,abnxcjqlerrwdmnblnfocahjfsyehfau,White
960,fbmxothdszdqvbtrqdhrvobhqltkeuer,Yellow
961,jxlcoobxwdgkzvjgsplcjuojzvxlsvql,White
962,wylhblugejagtwjdzwcuhusphmulstbd,Black
963,dkdmdpkkcfidiuaxqmeypafpnulmkill,Pink
964,srylvqyjowvjwrknupgjtxepvzfpwmqy,Gray
965,nnlnmfjcmwfqcxambnmgidvwjwhmohck,Gray
966,ziteoiybrmyukjkwetbreywvnorfukbz,Blue
967,aykcdycddwmwdwcccapduuwyibaigmfs,Black
968,uqgwlauxbwgrgjycvyxgiyqomrtamfoe,Yellow
969,kjedrzszwansegbjnymmazrmtrnpxyrv,Black
970,aloibxkewgukpnyfrcyhygaptdduhjhy,Yellow
971,wdwcypdzgaimiekpjgkszqnxpzhavzdk,Blue
972,hzyfwdzjjhukmjnptrqaedrbsaupufvt,Blue
973,pvtzbgdqfnyfleulyyxxmixjfabvqlyb,Yellow
974,wjdxhthgihalmytkllopimjlncfbnner,Black
975,ujhpvmamwempnkutxrbpllyupjmpilpa,Orange
976,tbqsmcpjtjwutzhaqozzylxjucxzipxj,Pink
977,sokzdbptmrsfbfbbfnpiqnhsuubplycu,Yellow
978,ejavugeqvqcvwhmqinanhxlxircrwvto,Blue
979,jjqihxohbplrqbxlvqobgbwkgqjdpuuq,Black
980,ciwlrxpbksobpifyqmymxpmiodxpstvr,Blue
981,rwklpszdutbsmsolddnyhjainunrxfev,Pink
982,zpioxtuagcviensblpienfbnvgeofkak,Pink
983,xbjikzojbtdlwpzbpvnrqfsupdhfuykx,Yellow
984,ilqfdkwmvrptpxtnimjceawpwaadztxd,Orange
985,iuxaauhqldzammnlkyvmeogfdsopydum,Pink
986,olucvhbbrchzaerjezfjqarpjlevjtju,Black
987,rzqjhpwbbrpkvdxnuvjaaryfemqapbjz,Blue
988,awjfyxylfbcjzafbifkuypxcevzitlkf,Pink
989,dwezkscihnmurrkwsuhcuzxwlkenffht,Blue
990,ewacsrinxpfevunzpqzcgimqnymumvdo,Yellow
991,kzrsoegqpxxuweflxpzagizhgvofirgb,Gray
992,tfoabdkbirnbylnqxvwpljfiuxivtfrv,Yellow
993,znwxfenqmwjzcwkwrgmhzyqdtlfmxbce,Black
994,dfuyegjffxdlwbqcplstrffxochhrehj,Yellow
995,xlblmcamzoyynjvtlxxznxrsuogbascu,Pink
996,xmjfaybdymucxawxjbdqupsfgidjqpkr,Gray
997,lhmogneyrynctjfcgoipmuquagggptgv,Orange
998,cjopewcepnqngaazrihylzlbgtqpcafn,Black
999,jkryblzhdtraiswzzktvfhkfhqenrzts,Pink
